id,start,end,duration,scene,image,still,emotion,body,camera,action,exit,cut,lyrics,handoff
S001,00:00.000,00:03.800,3.8,01 · Metropolis to apartment,assets/s001-city-detail-r59.png,"Wide high-oblique night panorama of the dense metropolis: irregular clustered tall towers rise above mid-rise rooftops, the river and bridges recede across the upper middle, and the paired cyan-crowned landmarks sit on the right. Fine facade drawing, deep navy mass and localized amber lights preserve the original city style.",Environmental anticipation only; no foreground character acting.,"Ordinary miniature traffic; architecture remains rigid, no time-lapse or extravagant added spectacle.","Slow short diagonal aerial approach, with nearer roofs moving slightly faster than distant towers; no roll, spin or rapid zoom.",Ease forward and slightly lower over the nearer roofs; tiny traffic threads along the established roads.,The cyan crowns remain in the right half and become modestly larger; the skyline still feels vast.,Cut to S002 looking steeply down beside the same paired cyan-crowned towers; preserve the forward visual momentum.,Instrumental / gap between supplied lyric cues.,handoff/S001.txt
S002,00:03.800,00:06.100,2.3,01 · Metropolis to apartment,assets/s002-city-detail-r59.png,"Steep downward aerial beside the paired cyan-crowned landmark towers, with sharply drawn roof equipment, window bands and amber-lit streets threading through smaller blocks. The diagonal viaduct and streets retain the original framing; surrounding roofs vary in height.",Environmental anticipation only; no foreground character acting.,"Ordinary miniature traffic; architecture remains rigid, no time-lapse or extravagant added spectacle.","Short forward overhead glide beside the landmark towers; fixed downward tilt, subtle parallax, no orbit or combined spinning descent.",Glide briefly along the existing road direction while miniature traffic moves steadily below.,The road diagonal stays readable; the paired landmarks remain stable enough to recognize at a different scale in the next cut.,"Cut to S002B from much higher and closer to vertical: the paired cyan roofs now sit small in the upper-right. Use the amber road diagonal as the graphic link; this is an angle/altitude cut, not a continuous teleporting camera move.",Instrumental / gap between supplied lyric cues.,handoff/S002.txt
S002B,00:06.100,00:09.600,3.5,01 · Metropolis to apartment,assets/s002b-city-aerial-r59.png,"A fresh wider high near-vertical bird’s-eye view opens the city into a dense roofscape. Small paired cyan-crowned towers sit upper-right, a sliver of river lies upper-left, and an amber diagonal route connects taller irregular clusters with a lower tree-filled residential quarter. Rooftop plant, terraces and inhabited window edges give the view scale.",Environmental anticipation only; no foreground character acting.,"Ordinary miniature traffic; architecture remains rigid, no time-lapse or extravagant added spectacle.","A gentle straight overhead glide toward the lower residential quarter, with the downward tilt held constant. Modest translation only; no roll, orbit, dramatic descent or changing building heights.",Follow the amber route toward the tree-covered lower quarter. Tiny road traffic continues; roofs remain rigid and legible.,"The lower residential quarter gains attention in the lower/right visual path, preparing the closer oblique apartment view.","Cut to S004 at a lower oblique angle within the established residential quarter. The same cyan-crowned pair stays behind and to the right, while warm windows become the new focus.",Instrumental / gap between supplied lyric cues.,handoff/S002B.txt
S004,00:09.600,00:13.300,3.7,01 · Metropolis to apartment,assets/s004-city-detail-r59.png,Lower oblique night view of the established older apartment block amid trees and low rooftops. Its weathered facade and warm rectangular windows are drawn more finely without modernizing the building; the diagonal elevated transit line and paired cyan-crowned towers remain behind to the right.,Environmental anticipation only; no foreground character acting.,"Ordinary miniature traffic; architecture remains rigid, no time-lapse or extravagant added spectacle.","Short oblique approach across one existing foreground roof/tower edge; moderate parallax, restrained translation and no rapid zoom through the facade.",Ease past the established foreground edge and let one warm bay become the attention point; trees stir slightly and a distant train may continue along its fixed rail.,"Hold the apartment facade and warm bay in a stable readable composition, ready for the exterior window cut.",At 13.300 cut directly to unchanged S006 outside the same weathered closed sliding window. Match the warm bay attention point and dark frame geometry; do not pass the camera through glass. S005 facade insert is retired.,Instrumental / gap between supplied lyric cues.,handoff/S004.txt
S006,00:13.300,00:15.300,2.0,01 · Metropolis to apartment,assets/s006-source-match-r57.png,"Exterior exact weathered window: alone she crosses back from kitchen towards sofa, hurt body language, no visible argument.","Heavy shoulders and lowered chin; she hurries back to the seat, then hesitates before sitting. She is alone and hurt.","Heavy shoulders and lowered chin; she hurries back to the seat, then hesitates before sitting. She is alone and hurt. She crosses briskly into the fixed seating area; the exterior window frames her small private movement.",Exterior three-quarter wide through the established apartment window; a brief lateral settle follows her brisk return towards the sofa.,She crosses briskly into the fixed seating area; the exterior window frames her small private movement.,"She reaches the sofa side, ready for the low sit cut.",Cut to S007: Bare feet take their last short step beside the fixed sofa.,Instrumental / space between supplied lyric cues.,handoff/S006.txt
S007,00:15.300,00:17.500,2.2,02 · Private aftermath,assets/s007-source-match-r57.png,"Low three-quarter interior from coffee-table side, barefoot slim jeans legs beside fixed sofa as she begins lowering; no long route.","She sinks into the left end beside the orange cushion and folds forward, unable to settle comfortably.","She sinks into the left end beside the orange cushion and folds forward, unable to settle comfortably. She checks her quick travel, bends her knees and starts lowering onto the left seat.","Low three-quarter body detail beside the sofa; a small downward tilt follows the lowering weight, with the sofa/coffee table fixed. No move to a higher angle within this source shot.","She checks her quick travel, bends her knees and starts lowering onto the left seat.",Her weight settles; hands descend towards her knees.,Cut to S007B: She has just sat; empty cushions and the room remain readable.,Instrumental / space between supplied lyric cues.,handoff/S007.txt
S007B,00:17.500,00:19.500,2.0,02 · Private aftermath,assets/s007b-source-match-r57.png,"Higher oblique wide of fixed left sofa end and empty right cushion space; hands near knees, head lowers as she sits.","Her shoulders curl inward, head drops and hands settle near her knees; she tries to contain the hurt.","Her shoulders curl inward, head drops and hands settle near her knees; she tries to contain the hurt. She folds forward, shoulders curling inward and chin dropping while trying to breathe steadily.","High oblique interior wide, fixed sofa and coffee-table geometry; hold as she folds forward.","She folds forward, shoulders curling inward and chin dropping while trying to breathe steadily.",Her hand finds the cushion seam beside her knee.,"Cut to S007C: Her fingers rest against the dark cushion seam, jeans visible beside them.",Instrumental / space between supplied lyric cues.,handoff/S007B.txt
S007C,00:19.500,00:21.900,2.4,02 · Private aftermath,assets/s007c-source-match-r57.png,"Brief delicate hand insert gripping cushion by her knee, original outfit partially visible. A hard, decisive cut at exactly00:19.50. The small bodily action reads strongly in close framing; do not illustrate keys.","Small bodily action carries the feeling: pressure shows held tension, a push transfers weight into the next action.","Small bodily action carries the feeling: pressure shows held tension, a push transfers weight into the next action. At the 19.500 beat/vocal entrance she tightens that grip once; fabric compresses under normal-sized fingers.","Low tight detail with believable hand/foot scale. Lock off; let contact, weight and fabric movement carry the image.",At the 19.500 beat/vocal entrance she tightens that grip once; fabric compresses under normal-sized fingers.,"Grip holds briefly; cut directly to the eye as one tear releases, without an intermediate face reaction.",Cut to S011: A bead of moisture gathers at the lower lid of the same original brown eye.,00:19.500–00:22.800 You left your keys on the table,handoff/S007C.txt
S011,00:21.900,00:25.600,3.7,02 · Private aftermath,assets/s011-source-match-r57.png,"Same original-style extreme eye close-up, one tear; the sole long emotional hold before she moves.",Hurt breaks through the effort to contain it. One blink and uneven exhale; no repeated sobbing.,"Hurt breaks through the effort to contain it. One blink and uneven exhale; no repeated sobbing. One tear travels down her cheek while she holds a downward eyeline, then blinks gently.",Extreme eye/cheek close-up; hold the camera still. The tear travels while her eye stays on its downward eyeline.,"One tear travels down her cheek while she holds a downward eyeline, then blinks gently.",She exhales and decides to move; no second crying cycle.,Cut to S012: Her hands release the sofa after the tear.,"00:19.500–00:22.800 You left your keys on the table
00:23.900–00:26.640 The door stayed open behind you",handoff/S011.txt
S012,00:25.600,00:28.600,3.0,02 · Private aftermath,assets/s012-source-match-r57.png,"Inventive higher wide, fixed sofa/table/kitchen positions; she is standing and crossing towards rear-RIGHT kitchen opening. Wall panel is a household memo board, not a second calendar.","She rises quickly and hurries around the coffee table to the kitchen, forward weight and short rapid steps; she is still hurt, without a smile.","She rises quickly and hurries around the coffee table to the kitchen, forward weight and short rapid steps; she is still hurt, without a smile. She rises quickly and hurries around the coffee table along the fixed rear-right kitchen route; short rapid barefoot steps.",High diagonal wide from the glazing side. Track or pan only enough to keep her moving around the coffee table into the rear-right kitchen.,She rises quickly and hurries around the coffee table along the fixed rear-right kitchen route; short rapid barefoot steps.,"She reaches the sink with empty hands, ready to wet a cloth.",Cut to S013: At the sink her left hand brings a small pale cloth beneath the existing tap.,"00:23.900–00:26.640 The door stayed open behind you
00:27.420–00:29.960 Said you didn’t wanna talk it out",handoff/S012.txt
S013,00:28.600,00:30.100,1.5,02 · Private aftermath,assets/s013-source-match-r57.png,"Tight exact sink/hands/tap insert, pale cloth briefly wetted.",Delicate purposeful hands; left owns the cloth. Complete this single task briskly.,"Delicate purposeful hands; left owns the cloth. Complete this single task briskly. She briefly wets the cloth, then her right hand shuts the tap; residual drips may remain.","Tight sink insert with a normal close lens, not distorted wide-angle hands. Lock off or make one very small focus change onto the cloth.","She briefly wets the cloth, then her right hand shuts the tap; residual drips may remain.",Cloth stays in her left hand; tap is off before the cheek cut.,Cut to S014: Left cloth reaches her left cheek; right hand braces on the same counter.,00:27.420–00:29.960 Said you didn’t wanna talk it out,handoff/S013.txt
S014,00:30.100,00:32.900,2.8,02 · Private aftermath,assets/s014-source-match-r57.png,"Side medium at the same sink: left cloth briefly cools her cheek, right hand braces on the counter. She lowers the cloth before the separate switch insert. The tap is already OFF; cloth goes down before the switch cut.",Hurt gives way to steadier breathing; no sudden smile.,"Hurt gives way to steadier breathing; no sudden smile. She blots gently and exhales, then lowers the cloth onto the sink edge before looking towards the switch.","Static side medium; short blot and lower, no reach for the switch until the cloth is down.","She blots gently and exhales, then lowers the cloth onto the sink edge before looking towards the switch.","Cloth is down, both hands free, tap off; right hand is ready for the separate switch insert.",Cut to S015: Right fingertip poised over the kitchen task-light rocker; tap off and cloth resting by sink.,00:30.400–00:32.980 I won’t ask a second time,handoff/S014.txt
S015,00:32.900,00:34.000,1.1,02 · Private aftermath,assets/s015-source-match-r57.png,Right index finger presses the under-cabinet switch; pale cloth rests beside the sink and the tap is off.,"Quietly finished with the evening; less collapsed shoulders. Cloth down, tap off before she reaches.","Quietly finished with the evening; less collapsed shoulders. Cloth down, tap off before she reaches. Quick switch press in first.20s; editorial image fades local.20–.80s and holds full black until34.000. Master audio continues unchanged.","High over-shoulder to the right hand and practical light. Small tilt follows the reach, then stop; exposure falls after the switch.",Quick switch press in first.20s; editorial image fades local.20–.80s and holds full black until34.000. Master audio continues unchanged.,"Full black, ending this evening before the empty May comparison.",Cut to S015B: The same empty May room/calendar emerges from black; no character is present.,00:30.400–00:32.980 I won’t ask a second time,handoff/S015.txt
S015B,00:34.000,00:35.400,1.4,03 · Three months and a rediscovered interest,assets/s015b-apartment-match-r58.png,"Empty May 2074 apartment in the exact S015C camera and framing: charcoal sofa, cushions, wall pictures, bookcase, amber lamp, plants, foreground console and coffee table retain their positions and scale. The single electronic calendar on the foreground console reads MAY / 2074. The same slate-blue city buildings sit beyond the closed dark-metal window; the area under the window has bare wall and floor, before August adds her electronics desk, chair and tools. No people or workshop equipment.",No character; quiet room after the sad night.,No character; quiet room after the sad night. Hold the locked room after a .15s reveal; calendar reads MAY 2074 at its fixed desk position.,"Locked three-quarter wide; no camera movement. Retain sofa, print, shelving, desk edge and window.",Hold the locked room after a .15s reveal; calendar reads MAY 2074 at its fixed desk position.,Architecture and calendar position stay fixed for the matched August cut.,"Hard matched cut to August: identical camera, window architecture and single date-display position.",00:34.600–00:36.700 No way back †,handoff/S015B.txt
S015C,00:35.400,00:36.800,1.4,03 · Three months and a rediscovered interest,assets/s015c-source-match-r57.png,"Matched August apartment wide: AUG2074 on the single foreground display in the same May display position. Fixed sofa, wall prints, bookcase, lamps/plants and coffee table remain; a freestanding wooden electronics desk at the window, open knee space, black rolling chair and diagnostic tools show her changed personal home. No person, later neural chair or acquired market module.",No character; her changed surroundings communicate the new chapter.,"No character; her changed surroundings communicate the new chapter. The cut reveals her workshop furnishings, screens and window-facing desk without moving the room architecture.","Exact lens, height, position and framing from 10. Hard matched cut; no orbit or new angle.","The cut reveals her workshop furnishings, screens and window-facing desk without moving the room architecture.",The established bookcase is available for her attention in the next shot.,Cut to S015D: In the teal outfit she is moving briskly past the fixed bookcase.,00:34.600–00:36.700 No way back †,handoff/S015C.txt
S015D,00:36.800,00:38.100,1.3,03 · Three months and a rediscovered interest,assets/s015d-maker-stash-r61.png,"Three-quarter shelf medium: she pauses her brisk movement and reaches toward the familiar upright books. Beside them on the same middle shelf is her large deep scuffed navy-blue maker stash, closed, with worn corners, brass latches and recessed handle. Original face, teal wrap/black mesh, slim legs and apartment framing retained.","Quiet recognition interrupts her hurry; brow softens, shoulders turn toward the shelf, no broad grin.","Quiet recognition interrupts her hurry; brow softens, shoulders turn toward the shelf, no broad grin. Check her momentum, turn eyes/head toward the shelf and let fingertips find the familiar upright book spine. The closed stash remains on the shelf.","High three-quarter medium-wide; short pan follows the turn of her attention, then stop.","Check her momentum, turn eyes/head toward the shelf and let fingertips find the familiar upright book spine. The closed stash remains on the shelf.",Attention settles on the book; the case stays closed in its established shelf position.,Cut to S015F: Hands already grasp the normal textbook at its existing middle-shelf position; the large closed stash continues off-frame right.,00:37.340–00:40.340 I'm not coming back †,handoff/S015D.txt
S015F,00:38.100,00:39.600,1.5,03 · Three months and a rediscovered interest,assets/s015f-maker-stash-r61.png,"Angled book-cover close-up: her delicate mesh-sleeved hands draw the normal slim navy textbook from the shelf, revealing THE THINKING CIRCUIT, its AI circuitry subtitle and Published 2064. At the cropped right edge, the larger closed stash has the same deep scuffed blue front and aged hardware as the preceding shelf shot.",Deft familiarity in the delicate fingers; the worn cover carries her history without added facial acting.,Deft familiarity in the delicate fingers; the worn cover carries her history without added facial acting. Draw and turn the book just enough to reveal its familiar title and2064date; keep the cover steady and readable.,"Close angled book view, normal lens; tiny follow with the draw, then settle so the cover is readable.",Draw and turn the book just enough to reveal its familiar title and2064date; keep the cover steady and readable.,Book clear of the shelf and ready to rest on the closed case in the following retrieval ellipse.,Cut to S015G: The book has been placed flat on the larger closed lid across the previous cut; both hands support the bottom and side.,00:37.340–00:40.340 I'm not coming back †,handoff/S015F.txt
S015G,00:39.600,00:41.000,1.4,03 · Three months and a rediscovered interest,assets/s015g-maker-stash-r61.png,Side shelf medium: both hands support her larger deep battered navy stash as it clears the same middle shelf. The normal slim2064textbook lies flat on the closed lid with exposed lid margin; brass front latches and recessed handle identify the same box. She is focused and ready to turn toward the window desk.,"Eager but practical: secure grip, slight forearm effort for the fuller box, no slow reverent carry.","Eager but practical: secure grip, slight forearm effort for the fuller box, no slow reverent carry. Draw the deep box clear of the shelf with a modest weighted arm effort, then begin a quick controlled turn toward the window desk. Keep the textbook stable on top.",Short lateral move following hands and case. Do not swap the shelf or reverse her route.,"Draw the deep box clear of the shelf with a modest weighted arm effort, then begin a quick controlled turn toward the window desk. Keep the textbook stable on top.","Case safely supported and clear of the shelf; next cut elides desk placement, book placement and opening the lid.","Cut to S015I: Large stash already open on the desk; book left, meter right. Her hands grip the favourite REV B handset within the loose piled parts.",00:37.340–00:40.340 I'm not coming back †,handoff/S015G.txt
S015I,00:41.000,00:42.400,1.4,03 · Three months and a rediscovered interest,assets/s015i-maker-stash-r61.png,"Approved overhead Version B: a large deep worn navy stash is already open on the warm window desk, filled scruffily with loose chips, modern boards, unusual ceramic and round optical modules, two partly buried homemade gadgets, tools and only a few short leads. Her delicate hands lift the worn REV B screened handheld, with dial/buttons and exposed soldered side-board. Its screen and all lights are off. The normal2064book remains left, meter right.","Curiosity becomes personal recognition through a careful familiar grip, not a generic chip showcase.","Curiosity becomes personal recognition through a careful familiar grip, not a generic chip showcase. Lift the one small REV B handheld gently free of the clutter toward her face. Loose chips and other gadgets stay in the box; do not add a rummaging montage or lid-opening action.","Locked top-down insert; single modest handset lift from the already-open loose stash, no lid-opening action.",Lift the one small REV B handheld gently free of the clutter toward her face. Loose chips and other gadgets stay in the box; do not add a rummaging montage or lid-opening action.,Handheld clear of the box and supported in both hands; screen/status lights still off for the inward recognition cut.,"Cut to S015K: The REV B handset has reached chest height in both hands, screen facing her and labelled back facing camera; her gaze is on her own old handiwork, not the camera.",00:41.300–00:44.400 I can feel my world †,handoff/S015I.txt
S015K,00:42.400,00:43.850,1.45,03 · Three months and a rediscovered interest,assets/s015k-maker-stash-label-r61b.png,"Inward face close-up: she cradles the same modest homemade REV B handheld at chest height, portrait-oriented with a small tilt. The screen and controls face her, away from camera. We see its worn rear service cover with small vents, imperfect screws, exposed side-board edge and a scruffy taped handwritten P7 / rev. B label. Brown eyes look down, brow softens into the same small private smile. Original chestnut hair, gold hoops, teal/mesh and interior amber shelf background retained.",Focused recognition becomes a modest private smile; warm familiarity rather than amazement or broad laughter.,"Focused recognition becomes a modest private smile; warm familiarity rather than amazement or broad laughter. Keep the screen oriented toward her eyes, give the handset a tiny inspection tilt, then soften brow and let a small closed-mouth smile appear as she recognises the pleasure of making it.",Keep the original inward close-up and short restrained approach; a tiny handset tilt carries her downward attention.,"Keep the screen oriented toward her eyes, give the handset a tiny inspection tilt, then soften brow and let a small closed-mouth smile appear as she recognises the pleasure of making it.","Still quietly pleased, hands keep the unpowered handset secure for the connector-test insert.","Cut to S015L: Left hand supports the same handset; right fingertips align one thin flex connector with its exposed side-board port. Main screen dark, status LED initially off.",00:41.300–00:44.400 I can feel my world †,handoff/S015K.txt
S015L,00:43.850,00:45.500,1.65,03 · Three months and a rediscovered interest,assets/s015l-maker-stash-r61.png,"Same over-shoulder desk insert: her anatomical left hand supports the REV B handheld while right fingertips seat one thin flex lead into its exposed side-board port. A tiny red status LED responds; the main screen stays completely dark. Behind it the same larger open stash contains loose modern chips/modules and partly buried inventions, without foam compartments. Book left, test instrument right, original warm film light.","Calm competent concentration and a small confirmation of success, not a new dramatic discovery.","Calm competent concentration and a small confirmation of success, not a new dramatic discovery. Seat that one connector securely; one tiny red status LED confirms the connection. Hold briefly to register it. Do not activate the screen, other devices, neural hardware or magical effects.","Same steady over-shoulder connector insert; keep port, delicate fingers and small red response readable, no orbit.","Seat that one connector securely; one tiny red status LED confirms the connection. Hold briefly to register it. Do not activate the screen, other devices, neural hardware or magical effects.",Connector seated and tiny red status present; the cut to M omits disconnecting and placing the handset face-up beside the book.,"Cut to S015M: Across the previous cut, the test lead has been removed and the handset left flat face-up between book and open stash on the WINDOW desk. Nothing is carried.","00:41.300–00:44.400 I can feel my world †
00:45.000–00:48.360 Slipping through the crack †",handoff/S015L.txt
S015M,00:45.500,00:46.900,1.4,03 · Three months and a rediscovered interest,assets/s015m-maker-stash-r61.png,"Original diagonal departure wide: she pivots into a hurried empty-handed step along the clear apartment exit route. On the freestanding window desk behind her, the same larger battered stash remains open and full of loose modern parts; the REV B handset lies flat face-up beside the normal2064book, screen and status light off, test lead disconnected. Original room/chair/city, teal/mesh outfit and slim legs retained.",Purposeful quick departure with forward weight and eager energy; no relaxed stroll or lingering pose.,"Purposeful quick departure with forward weight and eager energy; no relaxed stroll or lingering pose. Pivot quickly and start the established rapid forward step toward the clear exit route; hair/hem respond to momentum. The open stash, book and handset remain securely on the desk.",Brief high diagonal pan with her turn; keep left book/centre gadget placement through departure.,"Pivot quickly and start the established rapid forward step toward the clear exit route; hair/hem respond to momentum. The open stash, book and handset remain securely on the desk.",She is moving out of the room; cut to the existing brisk boots/puddle journey. No project or box accompanies her.,Cut to S016: Continue the unchanged brisk boots/puddle route toward the market; no carried project.,00:45.000–00:48.360 Slipping through the crack †,handoff/S015M.txt
S016,00:46.900,00:50.020,3.12,03 · Three months and a rediscovered interest,assets/s016-source-match-r57.png,"Ground-level tight boot detail on rain-wet dark pavement: her near black platform block-heel ankle boot plants in a shallow puddle, throwing a small crown of droplets and concentric ripples. The trailing boot sits upper-right, softer in focus; only slim bare lower legs enter the frame. Magenta, amber and indigo reflections break across the water around the sharply rendered near boot. No torso, face, crowd or skyline is visible. User-selected boot composition retained in the approved native source-match remake; corner label removed. Active shot ID remains S016.","Renewed curiosity now drives purposeful movement. Express her eagerness through quick committed footfalls and forward momentum; her face and hands are outside this crop, so no visible smile or gaze is claimed.","Only lower legs and boots visible. Quick natural planted step, ankle flexion and forward weight roll; follow with another brisk step. No face, hand or torso performance invented.","Pavement-height close tracking, approximately 75 mm perspective and shallow depth of field focused on the near boot. Track smoothly at her brisk pace along the established travel axis, with a small forward drift; preserve the selected near-boot lower-left / trailing-boot upper-right diagonal. No orbit, tilt to her face, overhead view or change of location within the clip.","She keeps moving briskly toward the market: weight rolls naturally through the planted boot, the rear foot advances, and the next quick footfall continues the stride. Small droplets fall back and ripples spread through coloured reflections. This is ordinary hurried travel, not a posed splash or a slow-motion walk.",Forward travel continues at the cut; S019 reveals her face and upward attention checking at the newly noticed AFTERIMAGE entrance. Do not depict a gaze or stop inside this feet-only shot.,"Cut from continuing boot-stride motion to her upward market attention in S019, exactly at50.020 on Into view.",00:45.000–00:48.360 Slipping through the crack †,handoff/S016.txt
S019,00:50.020,00:52.430,2.41,"04 · AFTERIMAGE, old friend and first demonstration",assets/s019-dress-back-r62.png,"Rear three-quarter market-discovery medium-wide, slightly upward: heroine left foreground looks up at AFTERIMAGE / NIGHT MARKET over worn industrial entrance posts. Side component/repair notices and2074 marker, bare amber bulbs and canopied specialist hardware stalls with only sparse workers deeper inside. Fine approved current-movie drawing, subdued steel/slate skyline, local sign glow. Teal wrap/black mesh, gold hoops; no handbag, case or head contacts, no corner slate. Rear three-quarter view shows the simple BACK construction of the dark-teal dress: straight upper back edge under the sheer mesh, slim shoulder straps, tailored back panel and a simple rear skirt hem. Front wrap overlap stays on the front of her body, out of this rear view; do not copy its pointed flap onto her back. Keep the existing short length, fit and silver side buckle.","Hurried arrival checks into attentive curiosity: lifted chin, focused eyes, slight forward lean and shoulder turn toward the stalls. No exaggerated grin or relaxed sightseeing.","Hurried arrival checks into attentive curiosity: lifted chin, focused eyes, slight forward lean and shoulder turn toward the stalls. No exaggerated grin or relaxed sightseeing.","Rear three-quarter medium-wide discovery with a slight upward view, heroine on left. Short lateral reveal and settle, preserving selected sign, entrance posts and stall geography.","She lifts her chin and fixes her attention on the sign, then lets her gaze travel into the canopied hardware stalls, leaning slightly forward with renewed technical curiosity.","Her weight shifts toward the entrance, motivating the cut to S020 overhead among the hardware stalls.",Cut on her intention to enter to the S020 overhead stall geography.,00:50.020–00:51.860 Into view †,handoff/S019.txt
S020,00:52.430,00:55.100,2.67,"04 · AFTERIMAGE, old friend and first demonstration",assets/s020-source-match-r57.png,"From high above, she enters a dense maze of open hardware stalls: stacked processor boards, finned coolers, cable reels, repair benches and blue diagnostic displays surround her. Vendors work at the benches; she carries no bag or device yet.",Curiosity becomes increasingly specific.,She looks between hardware displays rather than staring upward at the camera.,"High overhead/oblique 24–28mm, one short diagonal drift following her aisle; retain foreground rigging for depth.",She follows the aisle past components and slows at the familiar friend's stall.,Her route and the stall she is approaching are both legible.,Cut from the destination to her first recognition of its occupant.,00:52.430–00:55.510 A world I never knew †,handoff/S020.txt
S021,00:55.100,00:57.000,1.9,"04 · AFTERIMAGE, old friend and first demonstration",assets/s021-source-match-r57.png,Her eyes brighten in genuine surprise as she recognises an old friend offscreen; lingering sadness briefly gives way to recognition.,Curiosity changes to pleased surprise.,"Brows lift once, mouth parts slightly and head tilts forward; no romantic gaze.","Close-up, 85mm; stable camera, near eye sharp, stall lights secondary.","She notices the man, eyes refocus on his face, and a small surprised smile begins.","She holds his eyeline, clearly recognising someone familiar.",Reciprocal eyeline cut to the beanie-wearing friend.,"00:52.430–00:55.510 A world I never knew †
00:56.220–00:59.520 I reach across the room †",handoff/S021.txt
S022,00:57.000,00:59.250,2.25,"04 · AFTERIMAGE, old friend and first demonstration",assets/s022-source-match-r57.png,"Her old friend in a black beanie, glasses and salt-and-pepper beard looks up from his electronics stall and recognises her, surprised and warmly pleased.",Surprise becomes uncomplicated warmth.,"Relaxed shoulders, a small acknowledging raised hand and head lift; then he moves around the stall.","Medium portrait through bench depth, 65mm; tiny lateral reveal rather than a push.","He recognises her, smiles and turns fully away from the project towards her.",His body opens towards the side of the stall where they can greet.,Cut as he steps round the open side to meet her.,00:56.220–00:59.520 I reach across the room †,handoff/S022.txt
S023,00:59.250,01:01.400,2.15,"04 · AFTERIMAGE, old friend and first demonstration",assets/s023-source-match-r57.png,"At the open side of the stall, they share a spontaneous friendly hug, relieved and delighted by the chance reunion; both on the same side of the counter.","Warm reunion, not romantic intimacy.","Short squeeze, relaxed release and natural personal space restored; no lingering caress.","Medium two-shot, 50mm; mostly still, preserve stall behind as their destination.",They share a brief familiar hug and begin to separate.,"Both can see each other's face again, still smiling.",Let the end of the hug motivate his invitation gesture in the next angle.,"00:56.220–00:59.520 I reach across the room †
01:00.500–01:04.920 And it moves with you †",handoff/S023.txt
S023A,01:01.400,01:03.100,1.7,"04 · AFTERIMAGE, old friend and first demonstration",assets/s023a-source-match-r57.png,"After their hug, her beanie-wearing old friend turns toward his workbench with a knowing smile and an open-hand invitation: “Can I show you something new?” She watches him, then follows his gesture toward the equipment. This is implied conversation beneath the song, with no added dialogue or captions.",His enthusiasm infects her curiosity.,"His open hand points without theatrics; she leans a fraction towards the bench, smile becoming attentive.","Over her near shoulder towards him and the bench, 50mm; short pan following the invitation.",He glances to the bench and gestures invitingly; she follows his gaze and turns with him.,Both look towards the module.,"Cut on her eyeline to the object he is showing, with no added dialogue or subtitles.",01:00.500–01:04.920 And it moves with you †,handoff/S023A.txt
S024,01:03.100,01:04.920,1.82,"04 · AFTERIMAGE, old friend and first demonstration",assets/s024-source-match-r57.png,"Her old friend shows her the CORTEX ARRAY: a compact GPU-sized stack of three circuit boards, silver cooler and fan, with three exposed specialist chips. She supports it in both hands while he points out its circuitry.",Friendly interest becomes technical fascination.,Slender hands support the unit without covering its key parts; no broad pointing across her face.,"Tight two-person hardware composition, 65mm; fixed camera with focus favouring the module.",He indicates one specialist chip and the cooler; she tilts her head to inspect it.,"Her attention stays on the hardware, ready to try the prototype.",Cut from the explanation to fitting the wearable; retain hardware design and cable exits.,01:00.500–01:04.920 And it moves with you †,handoff/S024.txt
S025,01:04.920,01:08.120,3.2,"04 · AFTERIMAGE, old friend and first demonstration",assets/s025-source-match-r57.png,"The picture-left temple contact is already attached flush to her skin, seen mostly edge-on. She lightly explores its rim with a fingertip while her old friend seats the picture-right contact; cables connect to the CORTEX ARRAY on his bench.",Trusting curiosity with a trace of anticipation.,"Attentive eyes and a small curious breath. She holds still without rigidity, shoulders relaxed. Her touch is delicate exploration of the left rim, not a fitting action.","Medium close view, 65mm; hold contact attachment clearly, no orbit round their hands.","He seats and adjusts only the picture-right contact. She lightly feels the already-attached picture-left rim out of curiosity, then looks toward his hand; she does not install or hold the left pad off her skin.","Both contacts remain flush on skin, cables visible; his hands withdraw and her exploratory fingertip relaxes away.",Cut to the single deliberate power action once fitting is complete.,Instrumental / gap between supplied lyric cues.,handoff/S025.txt
S026,01:08.120,01:09.520,1.4,"04 · AFTERIMAGE, old friend and first demonstration",assets/s026-source-match-r57.png,The same stacked-board module powers up; its braided cable leads toward the wearer.,No face; the decisive action starts the experience.,"Only one press, no extra cables appearing, boards and cooler stationary except subtle fan motion.","Hardware macro, 100mm; locked camera and short focus depth, keep button and immediate response readable.",He presses once; a restrained cyan status light responds.,Finger begins lifting and the status light stays stable.,Hard cut on activation to her subjective sensation.,Instrumental / gap between supplied lyric cues.,handoff/S026.txt
S027,01:09.520,01:13.020,3.5,"04 · AFTERIMAGE, old friend and first demonstration",assets/s027-source-match-r57.png,"Eyes closed and head tilted, she experiences abstract cyan, violet and amber swirls. The blue contact rests against natural temple skin at her hairline, framed by intact soft hair; the stall and module remain faintly visible.",Cautious anticipation becomes absorbed surprise.,A small involuntary inhale and loosening jaw; no ecstatic back arch or fantasy dance.,"Profile close-up, 85mm; a very small arc, with the light carrying most motion. No concrete fantasy landscape.","Abstract coloured currents begin around her perception, growing from a modest trace to a brief coherent swirl.",The swirl steadies and her chin lifts slightly with the sensation.,"Cut back to her opening eyes in the real stall, reserving the full world for later.",Instrumental / gap between supplied lyric cues.,handoff/S027.txt
S028,01:13.020,01:15.500,2.48,"04 · AFTERIMAGE, old friend and first demonstration",assets/s028-source-match-r57.png,"Her eyes open with abstract light reflected in them. The blue prototype stays fitted against her temple skin at the natural hairline, lightly framed by loose strands; her friend waits softly out of focus behind.",Amazement becomes interested intention.,"A breath out, eyebrows settle, lips almost form a question; no added speech track.","Held extreme close-up, 100mm, natural eye motion only.",Eyes focus on the friend and she lets a small astonished smile emerge.,She is present again and clearly wants to know more.,Cut from her decision to the case handover.,Instrumental / gap between supplied lyric cues.,handoff/S028.txt
S029,01:15.500,01:18.000,2.5,"04 · AFTERIMAGE, old friend and first demonstration",assets/s029-source-match-r57.png,He hands her a compact rigid antistatic case with a clear window containing the stacked-board GPU-sized module. The label reads CORTEX ARRAY.,Gratitude and eagerness without a prolonged farewell.,Careful weight transfer and a small acknowledging nod may occur outside the crop; no impossible finger merges.,"Oblique case detail, 85mm; hold the exchange so ownership is unambiguous.",He transfers the weight; she supports the base briefly with her left hand and takes the handle with her right.,Her right hand has possession of the handle; his hands release.,Cut with the acquired case into her active departure.,Instrumental / gap between supplied lyric cues.,handoff/S029.txt
S030,01:18.000,01:20.640,2.64,"04 · AFTERIMAGE, old friend and first demonstration",assets/s030-source-match-r57.png,"Small within a high distant view, she leaves the market at a graceful light jog with her compact electronics case, awnings and stalls behind.",New energy after the discovery; not giddy celebration.,"Graceful compact steps with the case kept close; slim legs, natural hip movement, no exaggerated bounce.","High long architectural shot, 35mm; a short diagonal follow, city depth stays dominant.","She makes a light purposeful jog along the diagonal path, clearing the busiest stalls.","She continues towards her building, still carrying the case in her right hand.",Direct journey cut to her building lobby; this encounter now occurs on the same return from the market.,Instrumental / gap between supplied lyric cues.,handoff/S030.txt
S031,01:20.640,01:23.440,2.8,05 · Awkward reunion and final closure,assets/s031-ex-expression-r63.png,"She approaches her ex at the closed lift on the return from the market, carrying the rigid module case in her right hand. He turns in quiet recognition and holds his black duffel in his right hand. Her smile fades into a guarded neutral mouth. His brow furrow eases, eyebrows rise slightly, eyes open a little and lips part a fraction as recognition catches his breath; head/gaze stay directed toward her. Restrained surprise, no shock, scowl or broad smile. No invented audible dialogue.","Her new energy is interrupted by recognition; he is caught a little off guard by unexpectedly seeing her, tentative and attentive rather than accusatory.","Her smile fades into a guarded neutral mouth. His brow furrow eases, eyebrows rise slightly, eyes open a little and lips part a fraction as recognition catches his breath; head/gaze stay directed toward her. Restrained surprise, no shock, scowl or broad smile. No invented audible dialogue.","High oblique wide, 35mm; track past one foreground column and settle at recognition.","He notices her and turns his head; she slows when recognition lands, then takes the waiting position beside him.",They face the doors with a small awkward gap.,Cut behind them to establish the closed doors and uncomfortable wait.,01:20.640–01:22.980 You ask how long it’s been,handoff/S031.txt
S032,01:23.440,01:26.140,2.7,05 · Awkward reunion and final closure,assets/s032-source-match-r57.png,"Seen from behind, she waits on the left and he waits on the right, facing the closed doors with an awkward gap. Her left hand hangs empty; the electronics case hangs from her right hand, in the space between them.",Awkwardness stretches while neither knows what to say.,"He shifts one heel, she settles her grip; no pacing, crossed arms or large gestures.","Locked rear two-shot, 50mm; stillness deliberately contrasts with the market departure.",A small weight shift from him fails to start a conversation; she looks at the indicator rather than at him.,Both remain waiting with the same distance between them.,Cut up to the indicator as the wait finally ends.,01:24.460–01:26.780 The lift is taking forever,handoff/S032.txt
S033,01:26.140,01:27.440,1.3,05 · Awkward reunion and final closure,assets/s033-source-match-r57.png,"The arrival indicator is sharp above two subdued front-facing reflections in brushed steel: the woman on the left, her ex on the right. Her teal dress and black mesh neckline distinguish her reflection.",Anticipation of movement interrupts the awkward pause.,"Reflections echo the same restrained bodies, never becoming separate people.","Architectural detail, 85mm; one short focus change, no moving camera.",The arrival light changes; focus favours it while the single woman and single man remain subdued below.,The arrival indication is clear; the reflected figures have not traded places.,A neutral architectural insert allows the motivated reverse into the cabin.,"01:24.460–01:26.780 The lift is taking forever
01:27.040–01:30.380 Your shoulder touches mine",handoff/S033.txt
S034,01:27.440,01:29.940,2.5,05 · Awkward reunion and final closure,assets/s034-ex-expression-r63.png,"From inside the cabin looking towards the lobby, she enters on screen-right and he on screen-left. Both carry their separate bags in their anatomical right hands. They will turn to face the doors without changing physical sides. In his existing sideways glance toward her, gently raised relaxed brows, warmer slightly opened eyes and a barely emerging closed-mouth corner smile show pleasure he is suppressing. Her existing downcast expression stays unchanged. Case stays in her anatomical right hand; his separate duffel stays in his right. Neither crosses behind the other.","She remains guarded during their practical shared movement. He is still slightly surprised and quietly pleased to see her, trying to conceal that pleasure and remain composed; no depressed scowl or ecstatic grin.","In his existing sideways glance toward her, gently raised relaxed brows, warmer slightly opened eyes and a barely emerging closed-mouth corner smile show pleasure he is suppressing. Her existing downcast expression stays unchanged. Case stays in her anatomical right hand; his separate duffel stays in his right. Neither crosses behind the other.","Interior wide, 35mm; retreat slightly to admit them, then hold. Screen sides reverse because this is the opposite camera direction.","They cross the threshold on their established physical sides, then start turning towards the doors.","They have taken their places and turned, ready for the frontal view.","Cut after their turn to the door-side camera: she is screen-left again, without physically swapping sides.","01:27.040–01:30.380 Your shoulder touches mine
Shoulder-contact cue restored from timing-reference.txt (01:27.040–01:30.380), still marked for listening review before final conform.",handoff/S034.txt
S035,01:29.940,01:31.640,1.7,05 · Awkward reunion and final closure,assets/s035-source-match-r57.png,A tight detail shows her black mesh-covered shoulder on the left lightly touching his charcoal collared jacket on the right. A teal dress strap identifies her new outfit; both hands and the case are outside the crop.,"Recognition of familiar proximity, not a romantic reconciliation.",No caress or deliberate lean; bodies stop rather than press together.,"Tight shoulder detail, 85mm; locked camera makes the tiny movement legible.",A final settling movement brushes their shoulders once; neither immediately pulls away.,The small contact remains for a beat.,Cut wider to show both registering the contact in silence.,"01:27.040–01:30.380 Your shoulder touches mine
01:30.530–01:33.650 Neither of us moves
Shoulder-contact cue restored from timing-reference.txt (01:27.040–01:30.380), still marked for listening review before final conform.",handoff/S035.txt
S036,01:31.640,01:35.750,4.11,05 · Awkward reunion and final closure,assets/s036-ex-warmth-r64.png,"In the frontal cabin two-shot, she remains on the left, guarded and quiet, while he glances toward her from the right. Their shoulders remain close, continuing the accidental contact; her mesh neckline and teal dress stay consistent. His existing sideways look toward her carries warm attentive eyes, eased slightly raised brows and the tiniest restrained closed-mouth upturn; relaxed jaw rather than a sad or accusing mouth. Preserve her exact guarded expression, breathing and slight jaw tension. No broad grin, teeth, smugness or repeated head turns.","He is quietly pleased to be beside her and tentatively looks for warmth, carrying the small smile he was hiding in approved S034. She acknowledges their history while staying guarded.","His existing sideways look toward her carries warm attentive eyes, eased slightly raised brows and the tiniest restrained closed-mouth upturn; relaxed jaw rather than a sad or accusing mouth. Preserve her exact guarded expression, breathing and slight jaw tension. No broad grin, teeth, smugness or repeated head turns.","Frontal medium two-shot, 65mm; hold, letting time and proximity do the work.","His gaze moves towards her; she senses it but looks ahead, then gives only a brief sideways glance.",They hold their positions without resolving the tension.,Cut to his reflection as the lyric turns to his admission.,01:30.530–01:33.650 Neither of us moves,handoff/S036.txt
S037,01:35.750,01:38.450,2.7,05 · Awkward reunion and final closure,assets/s037-ex-warmth-r64.png,"Over her near shoulder, the cabin mirror shows one front-facing woman on the left and her ex on the right. His reflected gaze turns toward her as he admits he nearly called. The near shoulder has the same black mesh sleeve and teal strap. His reflected gaze retains its bearing toward her, with soft slightly raised brows, warmer eyes and the same barely emerging closed-mouth smile as approved S034. Her upright posture and attentive eyes stay as authored. Preserve existing blocking and any already-authored slight shoulder relaxation; no added gestures or broad smile.","His tentative admission is warm and privately hopeful: pleased to see her, trying to keep that pleasure understated. Her response remains recognition without encouragement.","His reflected gaze retains its bearing toward her, with soft slightly raised brows, warmer eyes and the same barely emerging closed-mouth smile as approved S034. Her upright posture and attentive eyes stay as authored. Preserve existing blocking and any already-authored slight shoulder relaxation; no added gestures or broad smile.","Mirror two-shot, 85mm; rack from near shoulder to reflected eyes once.","He looks towards her reflection, mouth making at most a small tentative movement; she meets that reflected look.",He has offered the possibility of having called; she has heard it.,Cut to her grip as the private physical response to his words.,01:35.750–01:38.070 You say you nearly called †,handoff/S037.txt
S038,01:38.450,01:39.550,1.1,05 · Awkward reunion and final closure,assets/s038-source-match-r57.png,Her slender right fingers tighten around the top handle of the black windowed CORTEX ARRAY case. Stacked electronics remain visible inside; the mesh sleeve and dark teal fabric replace the old leather cuff and denim.,A flicker of old hurt is contained.,"Slender fingers, thumb remains on the same side of handle; no shaking or knuckle distortion.","Locked hand detail, 100mm; no camera flourish in this short beat.","Fingers tighten once, then ease before the cut.",The handle is secure; the case has not changed hands.,"Return to her face after the hand response, avoiding repeated ambiguous glances.",Instrumental / gap between supplied lyric cues.,handoff/S038.txt
S039,01:39.550,01:42.250,2.7,05 · Awkward reunion and final closure,assets/s039-source-match-r57.png,"Her face is held on the left as she meets his familiar look; his profile is softly blurred at the right edge. The mesh collar and teal neckline continue the outfit, while her right hand and case remain below the crop.",She remembers what happened and will not reopen it.,"A small exhale and released jaw, eyes steady; no disdainful smirk or sudden grin.","Tight portrait, 85mm; hold near-eye focus with his profile soft.","Her expression softens with recognition, then settles into a small firm decision; gaze begins returning to the doors.",She is composed and facing the journey ahead.,Cut on her attention returning forward to the doors opening at his floor.,"01:39.620–01:41.820 I know that look of yours
01:41.880–01:45.000 We both know how this ended",handoff/S039.txt
S040,01:42.250,01:44.050,1.8,05 · Awkward reunion and final closure,assets/s040-source-match-r57.png,"From the cabin rear looking out, she is screen-right and he screen-left as the doors open. Her right-hand case is at the outer side; his right-hand duffel is nearer the centre. He prepares to leave while she stays.",The encounter approaches its decision point.,His right-hand duffel follows his movement; her right-hand case stays at her outer side. No crossing between them.,"Wide from cabin rear, 35mm; fixed frame, door movement reveals the landing.",Doors reveal the amber landing; he angles towards the opening while she remains on her side.,His first forward weight shift commits to exiting; she stays in the cabin.,"Cut to the lobby side during his exit, restoring frontal left/right geography.",01:41.880–01:45.000 We both know how this ended,handoff/S040.txt
S041,01:44.050,01:46.000,1.95,05 · Awkward reunion and final closure,assets/s041-source-match-r57.png,"From the landing, she stands screen-left well INSIDE the blue lift cabin, both boots behind the metal sill with a visible strip of cabin floor ahead of them. He stands screen-right close to the doorway on the landing, turned towards her with a sad, quietly surprised look; his right-hand duffel stays low. Her rigid module case remains in her right hand.",He feels hurt and quietly surprised by her finality; she is affected but settled in her decision.,"His inner brows lift slightly, eyes soften and mouth barely parts; no angry scowl or theatrical gesture. Her shoulders stay level, case low in her right hand and feet behind the sill. His duffel remains in his right hand.","Landing medium-wide, 50mm; a settled view holds the doorway as the physical separation, with her cabin-floor strip clearly visible. No follow move that suggests she exits.",His gaze settles on her and his expression softens into sad surprise that she is letting the encounter end. She meets his eyes without stepping forward; the doorway stays clear.,He remains close on the landing looking at her; she stays well inside the cabin as their final exchange continues.,"Cut over his near shoulder to her held answer, matching her position well behind the door plane.",01:41.880–01:45.000 We both know how this ended,handoff/S041.txt
S042,01:46.000,01:48.500,2.5,05 · Awkward reunion and final closure,assets/s042-source-match-r57.png,"Over his blurred shoulder at screen-right on the landing, she is sharp at screen-left well INSIDE the open lift. A foreground door jamb, receding blue side wall and cabin ceiling establish that her entire body is behind the door plane. She holds his gaze with a composed, quietly affected expression; the rigid case remains in her right hand.",She acknowledges their history while remaining settled in her decision; no triumphant smile or theatrical rejection.,"Level eyes, composed mouth and one quiet breath. Weight stays on both feet behind the sill; right hand keeps the case low. No movement into the landing.","Over-shoulder portrait, 85mm; a very small approach keeps the foreground jamb and receding cabin wall readable, ending before the closing-door cut.","She receives his last look and holds his gaze, then steadies her chin slightly without leaning out, stepping forward or approaching the sill.",Her expression remains steady and her body wholly inside the cabin as the doors are about to close.,"On But I don't care, cut directly to frontal closing doors; she remains behind their plane.",01:46.125–01:48.345 You ask if I remember,handoff/S042.txt
S043,01:48.500,01:51.300,2.8,05 · Awkward reunion and final closure,assets/s043-source-match-r57.png,"Frontal view as the lift doors close on the defiant chorus. The narrow central gap isolates her steady eye, with a small glimpse of her black mesh collar and teal dress below. Her right-hand case is naturally outside this tight crop.",Closure without triumph or cruelty.,She holds her gaze until hidden; no last-second reach or smile.,"Locked frontal tight doorway, 65mm; panels provide all movement.","Panels close steadily, narrowing the view until her eye disappears.",Doors are fully shut; there is no glimpse of her elsewhere.,Cut only after closure to the reverse of him alone.,01:48.500–01:52.180 But I don't care †,handoff/S043.txt
S044,01:51.300,01:52.550,1.25,05 · Awkward reunion and final closure,assets/s044-source-match-r57.png,"Rear view of him alone facing the closed lift, his black duffel hanging from his right hand. His left hand stays near its pocket; this is the last view of him.",He absorbs the finality without melodrama.,Right hand holds the black duffel at his right thigh; left hand remains near its pocket. No pursuit or door pounding.,"Rear medium-wide, 50mm; hold for a short clear final beat.",His shoulders settle a little; he remains where she left him.,The closed lift and his still back end his part of the story.,Cut away from his still back to her fast home entry S044A. Elevator travel is omitted; he never reappears.,01:48.500–01:52.180 But I don't care †,handoff/S044.txt
S044A,01:52.550,01:53.350,0.8,06 · An evening of ordinary friendship,assets/s044a-source-match-r57.png,"User-selected high diagonal entrance frame: she crosses her tucked-away apartment threshold in the teal market dress. Her anatomical RIGHT hand holds the already-open door handle; her anatomical LEFT holds the rigid clear-lid processor box beside her thigh. Forward weight and the trailing boot give the hurried arrival, with the rest of the apartment concealed.","Released from the awkward encounter, she channels relief into practical momentum. Eager and focused, without an exaggerated grin.",Forward hinge and grounded fast threshold step. LEFT hand grips the case at her left thigh; RIGHT hand releases the existing door handle as she advances. Hair follows momentum. No hand transfer or full door-opening performance inside this short shot.,High35mm interior three-quarter: brief small lateral follow as she strides from threshold towards picture-right. Foreground jamb supplies parallax; no full door-opening or room reveal.,"She releases the handle with RIGHT, clears the threshold in one quick step and carries the case deeper inside in LEFT.",She continues towards the offscreen bench with LEFT-hand case; the travel cut omits the later transfer to RIGHT.,Cut to the established bench after omitted travel and hand transfer. S044B sets the case down with RIGHT; same outfit and case.,01:52.740–01:55.800 You only wanted me halfway,handoff/S044A.txt
S044B,01:53.350,01:54.300,0.95,06 · An evening of ordinary friendship,assets/s044b-source-match-r57.png,"At the preserved electronics-filled apartment bench, still in her teal market wrap dress and black mesh sleeves, she briskly sets the rigid chip box down with her anatomical RIGHT hand and releases its handle. The case stays securely on the bench. Her LEFT hand rests near her waist; her attention turns towards the doorway at screen-left.","Purposeful relief: finish one practical task briskly, then get on with her evening.","RIGHT hand lowers the case the last few centimetres, absorbs its weight as it contacts the bench and releases the handle. LEFT hand stays near her waist. Brief head turn towards doorway; no throw, product pose or dreamy pause.","Medium three-quarter, 50mm; nearly locked, follow only the final head turn. Keep the transformed tech apartment readable.","Case makes one firm controlled landing, her right fingers release and her attention turns promptly to the exit.","Case stationary on the bench, both hands free. The next cut omits changing and departure.",Cut directly to S044C already descending in the arcade outfit: deliberate offscreen wardrobe and exit ellipse.,01:52.740–01:55.800 You only wanted me halfway,handoff/S044B.txt
S044C,01:54.300,01:55.800,1.5,06 · An evening of ordinary friendship,assets/s044c-source-match-r57.png,"High rear oblique view down the familiar indigo stairwell: she lightly jogs down towards the landing, elbows softly bent and weight eager and forward. Plum patterned top, teal pleated skirt, belt pouch, charcoal socks and black platform Mary Janes replace the old jeans/jacket look. Case remains home.","Happy anticipation of meeting her friend, carried in an eager practical pace rather than performing for camera.","Soft bent elbows, slight forward lean and quick placed steps; slim legs and natural stair contact, no sprint, leap or exaggerated pose.","High rear oblique, 35mm; short descending follow along the stair diagonal, railings provide foreground parallax without losing her footing or destination.","She takes two quick light descending steps, arms moving compactly and skirt/hair responding to momentum; the city-lit landing stays in view.",She continues towards the lower landing with the same eager forward momentum.,Match the eager diagonal descent into the high rear arcade approach; compress the remaining journey.,01:52.740–01:55.800 You only wanted me halfway,handoff/S044C.txt
S045,01:55.800,01:57.300,1.5,06 · An evening of ordinary friendship,assets/s045-source-match-r57.png,"In the preserved tighter high rear view, she continues a light eager jog across the wet plaza towards the ARCADE doorway. Her bent elbows, forward weight and trailing lifted foot make the hurry readable; the plum top, teal skirt, pouch, socks and platform Mary Janes remain.",Excited anticipation of seeing her friend; purposeful and buoyant without sprinting or playing to camera.,"Slight forward weight, small bent-elbow arm rhythm, one planted foot and advancing stride; slim legs and a natural light jog, not a slow walk or full run.","Tighter high oblique, 28mm; short descending follow with her eager diagonal approach, retain the doorway and city layers.","She takes a few quick light jogging steps towards the entrance, modest arm rhythm and skirt/hair movement showing excitement about meeting her friend.","She approaches the doorway still eager, easing only as she reaches the entrance.",Cut inside to her entering the RAD RACER cockpit from screen-right; the entrance journey is compressed.,01:56.520–01:59.560 Now you want what you let go,handoff/S045.txt
S046,01:57.300,01:58.500,1.2,06 · An evening of ordinary friendship,assets/s046-source-match-r57.png,Steep high oblique view of RAD RACER as she climbs into its sit-down cockpit from screen-right. One leg lifts over the low access sill and her dainty hand supports her on the seat edge as she lowers towards the seat. The readable marquee and oversized curved retro-road display remain.,Purposeful anticipation becomes absorbed interest in the game; she is ready to lose herself in the race.,"Practical knee lift, slight forward hinge and one delicate bracing hand; weight transfers into the seat without stepping through solid panels or posing.","Steep high oblique, 35mm; hold the readable marquee and right-side entry in one coherent view, only a slight downward follow as she sits.","She completes the compact step through the open right access and lowers into the racer seat, with a natural forward lean; the attract-mode road continues on the large display.",She is settled into the seat and ready to reach the right-side coin panel.,Cut to S046B quarter insertion on the right-side coin panel after she settles; S047 begins seated play.,01:56.520–01:59.560 Now you want what you let go,handoff/S046.txt
S046B,01:58.500,01:59.300,0.8,06 · An evening of ordinary friendship,assets/s046b-source-match-r57.png,"Her slender hand guides a silver quarter into the vertical 25¢ coin slot. The plum patterned top, teal skirt and belt pouch are glimpsed beside the matte cabinet.",A decisive small action begins her escape into concentration.,"Dainty natural hand proportions, no oversized palm or duplicated digits.","Macro at coin-panel height, 100mm; locked shot, one action completed within the short duration.",She pushes it through and withdraws her fingertips.,The coin has disappeared inside; the slot remains fixed.,"Cut straight to her seated and engaged, using an ordinary action ellipse.",01:56.520–01:59.560 Now you want what you let go,handoff/S046B.txt
S047,01:59.300,02:00.700,1.4,06 · An evening of ordinary friendship,assets/s047-source-match-r57.png,"She sits alone in RAD RACER, leaning into the wheel with focused eyes. She wears the plum patterned top, teal pleated skirt, belt pouch, charcoal socks and black platform Mary Janes. The pixel-art road stretches across the large screen.",Outside worries narrow into focused play.,"Shoulders engaged, jaw relaxed but attentive; skirt stays naturally seated, feet at pedals.","Low side view across dashboard, 50mm; short lateral move reveals her concentration without orbiting.",She leans forward slightly and steers into the on-screen bend.,Her body and steering are committed to the same turn.,Cut to matching wheel direction and the corresponding screen bend.,"01:56.520–01:59.560 Now you want what you let go
02:00.230–02:04.110 You should have said it then †",handoff/S047.txt
S047B,02:00.700,02:01.750,1.05,06 · An evening of ordinary friendship,assets/s047b-source-match-r57.png,"Seen over her shoulder, both hands steer into a bend while the red pixel-art car follows a sweeping coastal curve on the display.",Concentration carried by precise hands.,Both hands maintain contact; no jerky full rotations or mismatched car movement.,"High over-shoulder detail, 65mm; keep wheel and display relation fixed.","She makes one controlled steering adjustment, car responding in the same direction.",Wheel steadies as the turn resolves.,Cut closer to the eyes now tracking the exit from the bend.,02:00.230–02:04.110 You should have said it then †,handoff/S047B.txt
S048,02:01.750,02:03.750,2.0,06 · An evening of ordinary friendship,assets/s048-source-match-r57.png,"Monitor-side tight face close-up: she is intensely enthralled by the race, eyes locked on the road, brows drawn together and lips slightly parted with held-breath concentration. Same plum top, gold hoop, seat and corrected active-race screen: red car, palms, violet city, orange sun, SCORE 020700 / HI 020700, no GAME OVER.","Deeply enthralled, alert and excited by the challenge, without anger or a detached happy gaze.","Intent brow tension and precise eye tracking, slightly parted lips, a restrained forward attention; no smile to camera or exaggerated face.","Monitor-side tight close-up, 85mm; locked camera with restrained moving screen light.","She tracks the difficult bend with tiny eye movements; her lids narrow and lips part as she holds her breath through the correction, attention entirely inside the game.",Intense concentration holds through the completed bend; the round ends offscreen before the next tap.,Cut forward within the same game session to GAME OVER and the friend's tap; this is a short play-time ellipse.,02:00.230–02:04.110 You should have said it then †,handoff/S048.txt
S048B,02:03.750,02:05.360,1.61,06 · An evening of ordinary friendship,assets/s048b-source-match-r57.png,Her friend reaches from behind the seat and lightly taps her plum-shirted shoulder with slender fingertips. The tapping hand and shoulder are sharp; large GAME OVER lettering on the racing display is out of focus behind them.,Focused solitude is interrupted by familiar company.,"Gentle platonic tap, no stroking; shoulder response precedes full smile.","Rear oblique shoulder close-up, 85mm; focus stays on contact, lettering remains background context.",Two fingertips tap once; the heroine starts turning towards the contact.,"Her head turn has begun, the hand lifts away.",Match her turn into the friend's reveal on Into view.,02:00.230–02:04.110 You should have said it then †,handoff/S048B.txt
S049,02:05.360,02:07.700,2.34,06 · An evening of ordinary friendship,assets/s049-source-match-r57.png,"She turns from the racer seat with a surprised, pleased smile at her short-haired friend. The monitor now matches S048B exactly: orange/yellow pixel GAME OVER, SCORE 020700 / HI 020700 over the same red car, road, palms and sunset. Plum top/teal skirt, friend hand on seatback and established composition retained.",Surprise becomes relief at seeing a friend.,"Brows lift then settle, smile warm but brief; friend stays casually outside the seat.","Rear-side medium, 50mm; pan with her turn, then stop.",Recognition brings a quick surprised smile; friend answers it and rests a hand on the seatback.,They face one another comfortably.,Cut closer as the friend notices how she is doing.,02:05.360–02:07.140 Into view †,handoff/S049.txt
S050,02:07.700,02:10.770,3.07,06 · An evening of ordinary friendship,assets/s050-source-match-r57.png,"A brief reassuring conversation: her friend leans on the seatback while she looks up from the racing seat; comfort starts to ease her sadness, ordinary friendly body language. Her plum patterned short-sleeve top replaces the leather jacket; the seated close framing is retained.",Support restores ease; sadness is not replayed for the rest of the arcade.,"Ordinary friendly distance, no romantic caress or lingering embrace. No audible added conversation.","Side two-shot, 65mm; restrained approach towards her listening face, end on shared eyeline.","Friend offers a small reassuring nod; heroine gives a brief acknowledging nod and exhales, then follows the friend's glance towards another game.",The friend begins turning towards the two-player area and she is ready to join.,Cut across her getting up to the standing shared look in S051; omit the rise so reassurance gives way to play.,02:07.800–02:10.320 The distance falls in two †,handoff/S050.txt
S051,02:10.770,02:11.620,0.85,06 · An evening of ordinary friendship,assets/s051-source-match-r57.png,"Match the UPPER image A of contact card02, TOP CENTRE: intimate side/frontal two-shot, heroine screenleft looking mischievously sideways at pixie friend screenright, who answers with confident competitive grin. Brown eyes stay open enough to read the exchanged look, shoulders already turned to leave the racer. Both standing after the S050-to-S051 cut elides getting out of the racer. Hands relaxed out of crop, no fists yet. Medium close65mm shallow focus, dark arcade game glow behind, warm brief closed-mouth smirk rather than wink or constant laughing. Do not show the future running yet.",Mischief replaces passive reassurance; she proposes the game with a look.,"Small readable gestures, one quick smile, eyes following friend/game, slender natural hands; no continuous laughter, romantic posing or threat. Hands relaxed; interest communicated by eyes and mouth.","Intimate65mm two-shot, tiny lateral drift at most; hold the exchanged eyeline.",Heroine gives one sideways eye-flick and a slight chin cue; friend answers with a competitive grin.,Shared knowing look lands; her shoulders prepare for the playful challenge.,Cut slightly wider on the heroine’s shoulder movement into her teasing guard.,02:10.770–02:14.870 You reach across the room †,handoff/S051.txt
S051B,02:11.620,02:12.420,0.8,06 · An evening of ordinary friendship,assets/s051b-source-match-r57.png,"Match UPPER image A of contact card03, TOP RIGHT: waist-up slightly wider frontal three-quarter two-shot40mm. Heroine screenleft forms a fleeting relaxed mock-fighter guard at chest height with TWO SMALL delicate loosely curled hands and friendly cheeky smile; pixie friend screenright answers amused raised eyebrow/half-smile. Bodies oriented ready to travel, no aggressive punch or confrontation, no hand near face hitting friend, no exaggerated teeth or huge fists. Nearby Street Fighter II lit marquee sits ahead/right in background. This is one brief playful pose, not a fight. Keep same line of action as preceding exchanged glance.",Her renewed confidence becomes a quick playful challenge; friend enjoys the tease.,"Small readable gestures, one quick smile, eyes following friend/game, slender natural hands; no continuous laughter, romantic posing or threat. Relaxed small fists stay below chin and never punch.","Waist-up40mm from the same side of their conversational axis; nearly fixed, widen the shot size rather than reverse the room.","Heroine makes one tiny spring in a relaxed mock-fighter guard; friend raises an amused eyebrow, then starts turning to lead.",Heroine lowers the mock guard; friend pivots towards the game with a small come-on cue.,"Cut on friend turning and heroine dropping her hands, matching forward impulse into the wider rear view.",02:10.770–02:14.870 You reach across the room †,handoff/S051B.txt
S051C,02:12.420,02:13.950,1.53,06 · An evening of ordinary friendship,assets/s051c-source-match-r57.png,"Match LOWER image B of contact card04, BOTTOM LEFT: dynamic rear three-quarter diagonal aisle view,28mm slightly elevated, heroine on the LEFT route, pixie friend half-step ahead on RIGHT, friend looks back over her left shoulder with one small inviting beckon as heroine lightly bounds after her. Hair and teal skirt follow brisk movement, slim legs, grounded natural running steps in platform Mary Janes, no floating or sprawling posture. Racer cockpit behind-left, the SAME Street Fighter II two-player cabinet visibly just1–1.5m ahead/right, clear short route so they reach it within1.53s. Only few background patrons out of route; do not change arcade floor plan. Destination cabinet marquee/screen/shallow shelf all face the same coherent front, red LEFT/blue RIGHT stations. Her play-guard has dropped into normal running arms. Heroine remains nearest LEFT station and friend nearest RIGHT, no crossing. Their warmth becomes excited shared purpose, no camera-facing dance or walk away from the game.","Playfulness becomes purposeful shared movement, completing the route to the game.","Small readable gestures, one quick smile, eyes following friend/game, slender natural hands; no continuous laughter, romantic posing or threat. Ordinary forward urgency; no laid-back stroll.","Slightly elevated rear three-quarter28mm, short diagonal follow towards the nearby cabinet; no orbit, speed ramp or floor-plan reversal.","Friend beckons once while taking a quick step; heroine bounds after her, both cover the short aisle and settle at their own controls.","Both stop facing the same CRT, heroine left/red and friend right/blue; hands ready at their own stations.","Cut as their hands descend towards controls into S052 first inputs; retain a tiny game-start ellipse, no repeated arrival.",02:10.770–02:14.870 You reach across the room †,handoff/S051C.txt
S052,02:13.950,02:15.750,1.8,06 · An evening of ordinary friendship,assets/s052-source-match-r57.png,"Two sets of hands operate separate red and blue joystick/button clusters on one Street Fighter II cabinet; Ryu and Ken fight on the CRT. The heroine has bare forearms, consistent with her short-sleeve arcade top; no leather cuffs.",Friendly competitive engagement.,"Natural slender hands, no swapped controls, side-mounted deck or crossing arms.","Oblique control/screen insert, 65mm; a small tilt towards the CRT, not a sweeping pan across the cabinet.",Their left hands steer and right fingers tap a brief combination; the fight responds.,A sudden on-screen reversal sets up their reaction.,Cut on the reversal to faces from the screen's point of view.,02:10.770–02:14.870 You reach across the room †,handoff/S052.txt
S053,02:15.750,02:18.500,2.75,06 · An evening of ordinary friendship,assets/s053-source-match-r57.png,"A tight reaction two-shot from the game screen viewpoint: the heroine on the left laughs at an unexpected move, while her short-haired friend on the right keeps a competitive grin and watches the game. Their arcade tops remain visible; violet screen light catches their eyes against the blurred arcade. Hands and cabinet stay outside the crop.",The first uncomplicated shared release of tension.,"One genuine reaction, not sustained open-mouth laughter; both eyelines stay near the same screen.","Tight frontal reaction pair, 65mm; camera nearly fixed. Cabinet and hands remain outside frame.",An unexpected move catches her out and she gives one spontaneous short laugh while her friend stays intent.,Her laugh settles into a smile and she refocuses on the screen.,Cut back to the result before the reaction becomes repetitive.,02:15.820–02:21.200 And I move with you †,handoff/S053.txt
S054,02:18.500,02:21.200,2.7,06 · An evening of ordinary friendship,assets/s054-source-match-r57.png,"The Street Fighter II match finishes on the CRT: Ryu's victory pose, Ken down, controls and hands at the bottom. No goodbye wave or departure scene. Keep only the existing hands at the lower edge; no leather sleeve or newly exposed outfit in this tight crop.",A small completed pleasure; no farewell performance needed.,Hands relax on their own stations without extra celebratory gestures.,"Oblique CRT close-up, 65mm; slight approach then hold the result.",Ryu's victory pose settles as the players' hands stop active inputs.,The match is clearly finished.,"Hard cut on the instrumental entry to the apartment exterior; this is later that night, no travel montage.",02:15.820–02:21.200 And I move with you †,handoff/S054.txt
S054B,02:21.200,02:23.000,1.8,07 · Making it work,assets/s054b-source-match-r57.png,"Outside her older apartment block on a hot August night, the weathered metal window is slid open to the left. Through the clear centre/right aperture she works at the window-facing bench on the CORTEX ARRAY in her sage playsuit and peach tank. Secondary CRTs and the sofa remain on picture-right in this reverse view; the low table is central and deeper. Amber task light and reflections on the remaining left glazing retain the night mood.",Self-directed concentration after the supportive evening.,"Grounded seated posture, bare feet below desk if visible, no performance for the window.","Slightly elevated exterior wide, 50mm; short approach stops outside the facade/window plane. Reverse-view secondary CRTs and sofa sit on screen-right; open sash remains still.",One focused hand movement at the module establishes that she is already working. Reflections drift faintly only on the overlapping left glass; the open centre/right remains clear.,The bench and her attention are the clear interior destination.,"Cut closer to the same bench, preserving its window relation.",Instrumental / gap between supplied lyric cues.,handoff/S054B.txt
S055,02:23.000,02:26.000,3.0,07 · Making it work,assets/s055-source-match-r57.png,"High diagonal across the window-facing bench: in her sage playsuit and peach tank she steadies the CORTEX ARRAY and checks a fastening with a screwdriver. Tools and braided leads fill the foreground; behind her are interior shelves, plant and neural chair, not the exterior window.",Competent interest; she enjoys knowing what she is doing.,"Small precise wrist movements, steady shoulders, no frantic soldering montage.","High diagonal, 50mm; short descent through the bench layout, then settle on her steadying hand and tool.","She steadies the stacked assembly, checks a connector and brings the tool towards its remaining standoff.","The module is stable, her tool poised for the final tightening shown next.",Cut to the fastening step; redundant S056 connector macro is omitted.,Instrumental / gap between supplied lyric cues.,handoff/S055.txt
S057,02:26.000,02:28.500,2.5,07 · Making it work,assets/s057-source-match-r57.png,"Low close view through the same stacked-board module as she makes a precise final screwdriver turn. Her sage outfit, cooler, chips and cables remain clear; the interior shelves and neural chair form the background.","Focused confidence, not anxious uncertainty.",Gaze alternates once between tool tip and board edge; tool stays perpendicular to its screw.,"Low side 65mm; short slide past cooler, focus remains on working hand rather than an ornamental rack to face.",She gives the final small tightening turn and lifts the tool away.,Fastener is secure; cables remain accessible for the next step.,"Cut to the remaining external connector, advancing the build rather than repeating it.",Instrumental / gap between supplied lyric cues.,handoff/S057.txt
S058,02:28.500,02:30.500,2.0,07 · Making it work,assets/s058-source-match-r57.png,An oblique detail shows her bare hands attaching distinct power and shielded data connectors to the CORTEX ARRAY. External blue contact pads lie at the cable ends on the bench.,Final preparation before test.,"Slender fingers apply pressure along connector axis, never through the board; no sparks or loose new leads.","Oblique cable macro, 100mm; locked with a brief focus transfer from seated plug to connected pads.","She seats the remaining connector with a small firm push, then removes her hand.",Both leads are visibly attached; pads and cable exits are unchanged.,Cut from completed physical connection to the test result.,Instrumental / gap between supplied lyric cues.,handoff/S058.txt
S059,02:30.500,02:32.700,2.2,07 · Making it work,assets/s059-source-match-r57.png,"The successful test CRT reads CORTEX ARRAY and READY above the miniature amber-tree island; the same stacked-board module, cooler and connected contact pads are visible in the foreground. Her visible clothing is the sage utility playsuit over a peach tank.",Uncertainty resolves into success.,Her visible shoulder relaxes; no exaggerated fist pump or giant hologram.,"Over-shoulder screen detail, 65mm; single deliberate rack from physical module to diagnostic result.",READY stabilises beside the small amber-tree test scene; she leans a little closer to verify it.,The result remains stable long enough to be read.,Cut to the human response only after the evidence of success is clear.,Instrumental / gap between supplied lyric cues; unchanged master audio.,handoff/S059.txt
S060,02:32.700,02:34.700,2.0,07 · Making it work,assets/s060-source-match-r57.png,"Close reaction to the successful build: her eyes widen and brighten, brows lift and an eager open smile breaks through as she leans slightly towards the module. She looks at what she made, excited to try it, rather than gazing serenely. Sage collar, peach tank, foreground hardware and interior background retained.","Focused checking becomes relief and unmistakable excitement, then a purposeful urge to move.","A small brow lift, warm engaged cheeks, delighted open smile, one quick breath and forward shift; no idle gaze or repeated celebratory gestures.","Intimate close-up, 85mm; hold the immediate excited reaction, no competing camera move.","She registers the result, eyes brighten and an eager smile arrives; she transfers attention towards the wardrobe and leans to rise.",Her weight tips forward and a hand readies to brace the desk; the rise itself continues in S061.,Cut on the forward body impulse to S061. Do not perform a completed rise in this close-up.,Instrumental / gap between supplied lyric cues; unchanged master audio.,handoff/S060.txt
S061,02:34.700,02:35.500,0.8,"08 · Eager preparation, calm connection",assets/s061-source-match-r57.png,"She launches away from the workbench towards the wardrobe at screen-right: knees slightly flexed, torso leaning forward, one hand releasing the desk and the free arm beginning an eager reach. One bare foot pushes off into the hurried first step; her excited smile persists. Same sage outfit, READY module and room composition.","Unrestrained eagerness, confident and impatient to change; no anticipation of an accident.","Forward weight and soft knees, natural push-off, free arm balancing and gaze towards the off-screen wardrobe; hair moves with the step.","Low three-quarter side medium-wide, 50mm suggestion; respond briefly to the desk-braced rise and diagonal forward/right first step, then hold the established axis. No slow motion.","She releases the desk and pushes into the first brisk diagonal step towards camera/right, passing the existing desk-chair base.",Her lead foot moves onto the foreground rug while the trailing foot approaches the nearby caster; she is still upright enough for the next loss of balance.,Match the same step and forward/right momentum into the S061B stumble. No reverse of travel or new room view.,Instrumental / gap between supplied lyric cues; unchanged master audio.,handoff/S061.txt
S061B,02:35.500,02:36.800,1.3,"08 · Eager preparation, calm connection",assets/s061b-source-match-r57.png,"Continuing the same diagonal forward/right step, her trailing bare foot catches the desk chair’s existing caster. She pitches down towards the open foreground rug, knees folding and both slender hands reaching to catch herself. Workbench remains left, window behind and neural chair back-right; her fall clears all furniture.","Excitement is interrupted by a small startled breath and immediate fluster, without fear, pain theatrics or cartoon comedy.","One coherent trip: trailing foot briefly held, torso pitches forward/down, hands protect the landing; no flying leap, repeated bounce or split-legged sprawl.","Keep S061 camera orientation and lens; a short downward tilt follows her torso and hands to the clear foreground rug. No orbit, reverse, wardrobe view or furniture relocation.","Trailing foot catches; forward weight continues, knees flex, both palms reach to the rug and elbows bend to receive the landing. Chest lowers onto the rug with a brief natural exhale.","She is prone on the foreground rug, head near camera/right and feet receding towards the desk at back-left; forearms and palms have taken her weight. No furniture contact.","Cut as the supported landing finishes into S061C, matching head-right/feet-left orientation and forearm contact. Do not replay the impact.",Instrumental / gap between supplied lyric cues; unchanged master audio.,handoff/S061B.txt
S061C,02:36.800,02:37.950,1.15,"08 · Eager preparation, calm connection",assets/s061c-source-match-r57.png,"After the forward/right landing, she lies prone on the same clear foreground rug, feet trailing back-left towards the desk chair. Her forearms rest naturally and her head lifts slightly towards the lens. Brown eyes meet the audience, one brow lifts and her softly parted mouth gives a small amused, flustered “oh boy” expression. Mussed chestnut curls frame her face; the sage playsuit and peach tank are unchanged. It is a tiny shared acknowledgement, not spoken dialogue or another fall.",Brief flushed embarrassment becomes shared amusement; eagerness to try the build remains underneath and takes over immediately.,"Small asymmetrical brow lift, soft brown eyes into lens, gently parted mouth and restrained smile; one short exhale. Slender forearms stay grounded, curls remain beautifully mussed. No pout, prolonged comedy grin, fear, injury or spoken “oh boy”.",Hold the low audience-facing close-up with shallow background focus; tiny head lift and lens glance carry the beat. No orbit or push past her. Towards the end her gaze leaves the lens for the wardrobe at screen-right and her palms prepare to press.,"Lift her gaze to the lens for one tiny breath and an amused sheepish half-smile, then refocus towards the wardrobe off-screen right and plant her palms to get up.","The audience glance is over. Her attention returns right, palms are ready beneath her shoulders and weight begins to leave her forearms; she has not yet stood.","Cut on the first palm pressure to the wider S061D recovery, preserving head-right/feet-back-left orientation and the rug. The widening is a new shot size, not a room reverse.",Instrumental / gap between supplied lyric cues; unchanged master audio.,handoff/S061C.txt
S061D,02:37.950,02:39.750,1.8,"08 · Eager preparation, calm connection",assets/s061d-source-match-r57.png,"A wider, slightly higher three-quarter view shows her whole body midway through getting up on the same foreground rug. Her anatomical-left knee is tucked under her hips and left palm supports the rug; her anatomical-right sole plants ahead while her right hand braces that thigh. Torso lifts, slim legs flex naturally and her gaze turns eagerly towards the wardrobe off-screen right. A small amused smile carries over from the audience glance. Desk and caster chair remain left, city window behind and neural recliner back-right; the wider frame leaves room above her to finish standing.",An amused flicker becomes impatient enthusiasm again; the stumble has barely delayed her.,"Real support through left palm/knee and right planted sole, with natural knee/hip flexion and slender limbs. Torso comes upright without a sudden size change, hair settles naturally, shoulders regain energetic forward intent and eyes stay on the wardrobe. No oversized near thigh, stiff kneeling pose or renewed fall.","Start farther back than the S061C close-up, with the entire recovery body, planted foot, supporting palm and headroom visible. Hold the normal lens and fixed room geometry; use only a small upward tilt or pedestal as she reaches full standing. No perspective zoom, orbit, body scaling or furniture movement.","Press up, tuck left knee under hips, plant right sole, transfer weight from left palm/knee to right foot and rise briskly to full standing. Release her left hand from the rug and begin one purposeful step right.","Fully upright and balanced, normal adult scale unchanged, hands free and first quick wardrobe-directed step beginning. Only then omit the remaining walk.","After the full stand and first rightward step, ellipse over the rest of the short walk to the existing S062 right-hand hanger grab. Do not cut away while she is still kneeling.",Instrumental / gap between supplied lyric cues; unchanged master audio.,handoff/S061D.txt
S062,02:39.750,02:40.750,1.0,"08 · Eager preparation, calm connection",assets/s062-source-match-r57.png,"In the preserved torso-and-hanger close-up, she leans forward and reaches quickly into the wardrobe, grasping and lifting the charcoal chair outfit from its wooden hanger. Her free hand lifts slightly for balance. Sage playsuit and peach tank remain visible; the face stays outside the crop.",Renewed excited intent: she wants to get changed and enter the machine immediately.,Small forward lean and quick precise slender-hand grasp; the cropped face need not be forced into frame to explain the expression.,"Tight hand-and-hanger detail, 85mm suggestion; short motivated follow of the anatomical-right hand lifting the charcoal garment from the rack. No new walk or costume morph.","Lean in, close right fingers around the hanger and lift it cleanly from the rail in one quick movement.",The charcoal garment is lifted in her right hand; wardrobe travel and pickup are not repeated.,"Cut on the garment lift to S062B, omitting changing and contact fitting. New outfit appears only after the cut, never during a morph.",Instrumental / gap between supplied lyric cues; unchanged master audio.,handoff/S062.txt
S062B,02:40.750,02:41.950,1.2,"08 · Eager preparation, calm connection",assets/s062b-source-match-r57.png,"Already changed into the charcoal sleeveless short one-piece, she eagerly lowers onto the same neural-chair seat edge. Knees flex and bare feet remain grounded beside the footrest; one dainty hand braces on an armrest and the other reaches across. Her forward torso and bright small smile show she cannot wait to try it.","The same eagerness persists, now controlled enough to enter the chair carefully.","Small forward lean, soft knees and deliberate seated weight; no running jump into the chair or unsupported floating feet.","Slightly elevated three-quarter side medium, 50mm; one short downward follow of her lowering into the seat, keep seat edge, armrests and grounded feet visible.",Brace lightly at the armrest and quickly lower her hips onto the seat edge with both feet staying grounded; transfer weight into the chair.,"Her hips are seated and stable, ready to bring uncrossed legs onto the support and recline in S063.",Match seated weight to S063’s easing back; do not repeat a completed lowering or reverse chair geography.,Instrumental / gap between supplied lyric cues; unchanged master audio.,handoff/S062B.txt
S063,02:41.950,02:43.750,1.8,"08 · Eager preparation, calm connection",assets/s063-source-match-r57.png,"She reclines in the familiar chair with head and shoulders supported, uncrossed bare legs on the footrest. Both eyes are gently closed, brows relaxed, a small closed-mouth smile conveying slight bliss and satisfied anticipation.",Excited preparation settles into contented anticipation and slight bliss.,"Relaxed closed eyelids, soft brows and a tiny closed-mouth smile. One gentle exhale, head supported, hands low, slim legs uncrossed.",Retain the approved supported-chair composition and lens; a tiny breathing movement and settling shoulders carry the shot. No spin or new camera angle.,"Head and shoulders settle; both eyelids close softly and stay closed, a tiny contented smile appearing as her breathing steadies.","Comfortably supported with eyes fully closed, slight bliss, ready for the small contact adjustment.",Cut to S064’s precise temple-contact adjustment at its unchanged 02:46.000 anchor.,Instrumental / gap before spoken I still turn at173.560; unchanged master audio.,handoff/S063.txt
S064,02:43.750,02:45.150,1.4,"08 · Eager preparation, calm connection",assets/s064-source-match-r57.png,Close-up of her closed eye and blue external contact resting on natural temple skin beside the hairline. A few strands drape over its upper edge while her fingertips make a small adjustment; the behind-ear lead remains external.,Calm careful anticipation.,"A delicate touch, no implant insertion, head remains supported.","Locked temple detail, 100mm; one delicate pad adjustment supplies the movement. Preserve the approved skin contact, hairline and supported head.","She makes one small adjustment with her fingertips, then withdraws her hand.",Contact and behind-ear lead stay secured externally.,Cut to her opposite hand activating the right-wrist control.,Instrumental / gap between supplied lyric cues; unchanged master audio.,handoff/S064.txt
S065,02:45.150,02:46.050,0.9,"08 · Eager preparation, calm connection",assets/s065-source-match-r57.png,"RIGHT wrist cuff and LEFT bare finger pressing blue connect control, cables visibly attached, relaxed hand",A deliberate choice to enter.,Relaxed wrist and natural finger joint; no frantic repeated tapping.,"Locked control macro, 100mm; action supplies the entire movement.",Left finger presses once and releases as the light steadies.,Connection indicator remains active.,Cut on activation to the opening eye.,Instrumental / gap between supplied lyric cues; unchanged master audio.,handoff/S065.txt
S066,02:46.050,02:48.050,2.0,"08 · Eager preparation, calm connection",assets/s066-source-match-r57.png,"Extreme detail of her fully closed eyelid and relaxed brow, chestnut fringe framing the eye and the external blue temple contact at picture-right. A faint blue/amber light crosses the closed lid; no exposed iris or iris reflection.","Slight bliss deepens into tranquil immersion, without alarm.","Closed eyelid stays closed, soft brow, no twitch or visible iris. Mouth is outside frame; do not add it.","Locked extreme eye/temple detail. Keep the eyelid fully closed throughout; a subtle reflected-light change carries the cue. No blink, eye opening, camera roll or zoom.",A restrained cool reflection gently brightens across the closed eyelid; lashes remain still and the brow relaxed.,"The eye is still gently fully closed, light settled, ready for the first supported portrait/world overlap.",Cut to S066B supported portrait with the same temple-side orientation; the architectural reflection motivates the overlap.,Instrumental / gap before spoken I still turn at173.560; unchanged master audio.,handoff/S066.txt
S066B,02:48.050,02:48.950,0.9,"08 · Eager preparation, calm connection",assets/s066b-source-match-r57.png,"Supported three-quarter chair portrait with both eyes closed in slight bliss. Charcoal neckline and temple pad are readable, curved dark headrest behind her; amber workshop at left. The first faint stone arch/blue-world overlap gathers around the headrest.","Quiet closed-eye bliss, anticipation becoming absorption.","Head supported, shoulders low, both eyes gently fully closed, tiny closed-mouth smile and a slow breath. One real face/body.",Locked chair portrait and independent locked architecture plate. Preserve headrest/arch alignment; world opacity rises gently while the real closed face stays physically still.,"Architecture begins around the headrest and enters her perception, with a little workshop still anchoring the image.","The chair, closed face and early arch overlap remain readable, flowing into C rather than finishing the relocation.","Flow continuously into S066C using the same layered composite, no hard cut.",Instrumental / gap before spoken I still turn at173.560; unchanged master audio.,handoff/S066B.txt
S066C,02:48.950,02:49.800,0.85,"09 · A responsive world, one continuous route",assets/s066c-source-match-r57.png,"The same closed, blissful supported real face in a tight portrait. Luminous foliage, moonlit stone and the entrance arch softly double-expose across her hair and face. An amber workshop trace remains at left and the dark headrest at right. This shows perception changing, not a chair transported.",Slight closed-eye bliss sustained as perception expands.,"Real head supported, closed eyes, relaxed brows and tiny smile; no gesture, speaking, gasp or physical move.","Portrait layer stays locked. A very slow matching advance in the separate world plate spreads architectural detail across the frame, with soft feathered opacity masks; no face/room morph.","Arch and blue foliage become perceptible across the closed face and chestnut hair, as if thought is becoming place.","World detail crosses the portrait, chair/headrest still anchoring it; next phase expands the perceived space.","Flow continuously into S066D using the same layered composite, no hard cut.",Instrumental / gap before spoken I still turn at173.560; unchanged master audio.,handoff/S066C.txt
S066D,02:49.800,02:50.750,0.95,"09 · A responsive world, one continuous route",assets/s066d-source-match-r57.png,"The same closed-eye supported portrait now wider within an arch/world-dominant double exposure. The workshop lamp and desk survive as dim ghosts at picture-left, chair headrest at right. Blue foliage and immense architecture take over the negative space; both real eyes stay closed.","Bliss remains slight and calm, not theatrical delight.","Eyes fully closed, brows relaxed, tiny smile, quiet lips. Head and shoulders do not travel; real body remains in chair.",Keep the real portrait locked; widen the separate world layer with a slow continuous reveal. Feather room opacity down while arch space becomes dominant; never physically reshape chair or face.,"Workshop traces and headrest recede as the arch, sky and foliage expand around the tranquil closed face.",Architecture becomes dominant; the room is nearly absent but the closed real portrait is still a clear perceptual link.,"Flow continuously into S066E using the same layered composite, no hard cut.",Instrumental / gap before spoken I still turn at173.560; unchanged master audio.,handoff/S066D.txt
S066E,02:50.750,02:51.850,1.1,"09 · A responsive world, one continuous route",assets/s066e-source-match-r57.png,"The wide entrance world is dominant. One small navy-dress virtual heroine stands on dry stone under the arch facing the islands. A large soft translucent real face remains over the upper-left sky, both eyes closed in slight bliss, dissolving into cloud/architecture. No literal giant person or chair in the world.",Real portrait holds slight bliss; virtual body conveys mature absorbed wonder through its still rear silhouette.,"Real face eyes closed, tiny calm smile; world heroine planted bare feet, low relaxed arms, slim legs, no jump, twirl or celebratory pose.","Slow shared world reveal settles into the approved centred low rear wide. Real portrait is a feathered translucent mask, locked and fading; one separate grounded virtual avatar remains steady.",A separately prepared grounded virtual silhouette becomes clear while the translucent closed real portrait loses opacity into the sky.,"Only a faint closed-eye portrait trace remains; the small grounded world heroine, near columns and moon are established.","Flow continuously into S066F using the same layered composite, no hard cut.",Instrumental / gap before spoken I still turn at173.560; unchanged master audio.,handoff/S066E.txt
S066F,02:51.850,02:53.560,1.71,"09 · A responsive world, one continuous route",assets/s066f-source-match-r57.png,"Centred rear architectural wide: she stands small on dry stone beneath the immense entrance arch, both columns and blue foliage framing the enormous moon and floating ruined islands. Her short navy dress, bare feet and left anklet are visible. Arms rest low and relaxed as she takes in the scale.",Mature absorbed wonder settles into quiet belonging; no grin or arms-out celebration.,"Grounded bare feet, low relaxed arms and small chin lift, one calm exhale. World eyes may be open; no real-chair eye opening.","Low rear wide at the same entrance,24mm perspective suggestion. First .80s clears the last portrait trace; a very small same-side lateral slide reveals column/foliage parallax, then settles. Keep both columns and dry grounded feet visible.","Remove all chair/room/real-face layers by .80s, then hold the clean world for .91s. She makes only a small chin lift and quiet breath, taking in the scale.","Clean established entrance wide, no overlay; her attention rests outward before the familiar reflex at I still turn.",Cut at173.560 to the same-arch reflective portrait on I still turn.,Instrumental / gap before spoken I still turn at173.560; unchanged master audio.,handoff/S066F.txt
S067,02:53.560,02:56.610,3.05,"09 · A responsive world, one continuous route",assets/s067-source-match-r57.png,"Close three-quarter world portrait beside the same near stone column and luminous leaves. She turns her head gently back without turning her whole body; quiet brown eyes and a thoughtful mouth show a familiar reflex. The moon and islands remain soft behind her, navy shoulder strap and gold hoop visible; no temple pads.","Entrancement briefly reveals a familiar remembered habit, then returns to present curiosity. No fear, longing stare at a new person or sadness reset.","Gentle eye-led head turn, shoulders nearly still, soft brow and quiet lips; no speaking, startled recoil, broad grin or complete body spin.","Close three-quarter portrait, 85mm suggestion; hold camera on the same side. Let a small eye-led backward head turn carry the emotion, then follow only her attention down toward the leaf.","Her eyes move back first, then her head follows a few degrees; the reflex settles without anyone appearing. She lowers attention toward the luminous foliage beside her.","Head and gaze begin returning down toward the nearby leaf, motivating the S068 crouch and reach.",Match her downward gaze into the existing S068 crouch at 176.610. Omit the descent into the crouch across the cut; do not replay arrival.,02:53.560–02:55.760 I still turn when someone says my name.,handoff/S067.txt
S068,02:56.610,02:58.760,2.15,"09 · A responsive world, one continuous route",assets/s068-source-match-r57.png,"Crouching barefoot beside the luminous leaf, she reaches toward it with quiet curiosity. A fine crystal anklet rests on her left ankle; the pool remains visible along the path.",She is testing whether the world responds to her.,"Weight balanced in crouch, face attentive, mouth softly parted; dress and slim legs stay naturally posed.","Side medium, 50mm; follow gaze down and settle before contact.","Her left hand approaches slowly, stopping just short of its surface.",Fingertips hover ready for contact.,"Match the left-hand reach into the macro, avoiding a second approach from scratch.",02:57.320–02:57.840 Even here.,handoff/S068.txt
S069,02:58.760,03:00.010,1.25,"09 · A responsive world, one continuous route",assets/s069-source-match-r57.png,Her fingertips touch the leaf; the crystal bracelet catches a tiny cyan point.,Tentative curiosity receives its first response.,"Soft finger pads, no grabbing or pressing through the leaf.","Locked hand macro, 100mm; shallow focus on the point of touch.",Two fingertips touch lightly; a tiny cyan point answers beneath them.,"Contact is clear, bracelet catching only a small glint.",Cut directly to the leaf's response so the effect has a clear cause.,Instrumental / gap between supplied lyric cues.,handoff/S069.txt
S070,03:00.010,03:01.710,1.7,"09 · A responsive world, one continuous route",assets/s070-source-match-r57.png,The same leaf uncurls and its veins brighten after her touch.,The world feels alive and responsive rather than decorative.,"No performer; plant response remains delicate, no butterfly swarm or fireworks.","Plant macro, 100mm; short tracing move with the light, then rest.","The light travels along its structure as it uncurls a little, continuing outward along nearby foliage.",The pulse moves towards the pool side of the frame.,Cut along the pulse's direction to what she now sees beyond the leaf.,03:00.280–03:01.620 Funny what stays with you,handoff/S070.txt
S071,03:01.710,03:04.410,2.7,"09 · A responsive world, one continuous route",assets/s071-source-match-r57.png,Her viewpoint clears the leaf she just touched and discovers the circular pool along the paved path. Soft blue foliage frames the foreground; she is outside the image.,Curiosity acquires a destination.,"No body in frame; viewpoint moves like someone looking past a plant, not a flying drone.","Eye-height subjective wide, 35mm; short lateral reveal only.",A slight sideways shift clears it to reveal the circular pool and a continuous stone route leading there.,Pool and path are readable together.,Cut to her face receiving the discovery before she moves.,03:02.670–03:04.470 When you’ve been someone else for years.,handoff/S071.txt
S072,03:04.410,03:07.040,2.63,"09 · A responsive world, one continuous route",assets/s072-source-match-r57.png,Reflected plant and pool light plays across her quietly absorbed eyes.,Awe becomes the wish to explore further.,"Mature absorbed face, no grin or tearful melodrama; breathing is the main action.","Held emotional close-up, 85mm, no ornamental push.","A faint reflected cyan pulse crosses the irises; lips part in a soft breath, then her gaze fixes with intent.",She starts a small head turn towards the route.,Performance insert provides an expressive punctuation while a short walking ellipse carries her to the pool.,03:02.670–03:04.470 When you’ve been someone else for years.,handoff/S072.txt
S073,03:07.040,03:09.610,2.57,"09 · A responsive world, one continuous route",assets/s073-source-match-r57.png,"Alone in an empty fantasy theatre, she sings in silver sequins at a stand microphone beneath defined spotlights and low haze.","This is her confident inner performance, not a separate concert storyline.","Hands stay near the stand, shoulders supported, eyes engaged; jewellery glints subtly.","Low stage wide, 35mm; short sideways reveal past a foreground arch, settle on singer.",She sings the first final No way back with a grounded breath and steady posture.,She finishes the phrase with contained strength.,Hard cut back to the explorer arriving at the circular pool; stage is an intentional expressive intercut.,03:07.040–03:09.080 No way back,handoff/S073.txt
S074,03:09.610,03:13.200,3.59,"09 · A responsive world, one continuous route",assets/s074-source-match-r57.png,"Side wide beside the circular pool: in navy slip dress, barefoot with a left crystal anklet, she takes a rightward step on stone. Deep indigo sky and a narrow fading mauve horizon replace the earlier bright sun; her attention moves towards the water.",Wonder becomes intimate attention as the last warm light fades.,"Relaxed balanced lowering, no standing on water; slim legs with naturally curved hips.","Eye-height side environmental wide, 35mm; track with the last step, then stop as she lowers. Deep indigo night, no bright sun.","She stops, lowers her attention from the dim horizon to the water and begins bending at knees and hips towards it.","She is lowered at the same circular-pool near bank, left hand ready to reach; stage profile is an expressive cutaway before contact.",Expressive profile S076 while she remains lowered at the pool in world continuity; cut back to left-fingertip contact on194.553.,03:09.610–03:12.750 The sunset fades to black,handoff/S074.txt
S076,03:13.200,03:14.553,1.353,"09 · A responsive world, one continuous route",assets/s076-source-match-r57.png,Silver-dress profile at the stand microphone; necklace and hair catch backlight through a defined spotlight beam.,"Sensory intensity, sung with conviction rather than a glamour pose.",Necklace and bracelet catch restrained points of light; microphone remains fixed on stand.,"Intimate profile, 85mm; hold, with at most a very shallow partial arc.",She sings I can feel it on my skin with a small breath and controlled mouth shape.,The lyric continues into the pool image after the cut.,Cut to S076A: Left index fingertip is barely touching the pool meniscus.,03:13.200–03:16.560 I can feel it on my skin,handoff/S076.txt
S076A,03:14.553,03:15.020,0.467,"09 · A responsive world, one continuous route",assets/s076a-source-match-r57.png,"At water level, her delicate left index touches the black pool meniscus. A fine cyan seam lights under the fingertip while amber arches blur behind it.",Small touch → pleasurable curiosity → entranced uplift; no fear or constant smiling.,"The contact point compresses once and a fine cyan thread lights beneath it. Short midnight-navy satin slip dress, original gold hoops, crystal necklace and bracelets. Bare feet and anatomical-LEFT crystal anklet persist when visible, never an insert of feet.","Locked waterline macro; microscopic focus settles on the contact seam, no camera travel.",The contact point compresses once and a fine cyan thread lights beneath it.,One small lit ripple departs the fingertip.,Cut to S076B: The thin lit disturbance starts at the same left fingertip above the surface.,03:13.200–03:16.560 I can feel it on my skin,handoff/S076A.txt
S076B,03:15.020,03:15.487,0.467,"09 · A responsive world, one continuous route",assets/s076b-source-match-r57.png,"From just below the water surface, the contact becomes a curved luminous wave and branching caustics. Her left fingertip and entranced face are seen above the refracting surface; this is an optical angle, not an immersion.",Small touch → pleasurable curiosity → entranced uplift; no fear or constant smiling.,"One circular caustic travels outward and splits into a few fine light branches. Short midnight-navy satin slip dress, original gold hoops, crystal necklace and bracelets. Bare feet and anatomical-LEFT crystal anklet persist when visible, never an insert of feet.",Almost locked below-water optical macro; a centimetre-scale follow of the expanding caustic only.,One circular caustic travels outward and splits into a few fine light branches.,The current's direction leads back toward her wrist.,Cut to S076C: Her left wrist lifts slightly; the pool reflection touches the bracelet.,03:13.200–03:16.560 I can feel it on my skin,handoff/S076B.txt
S076C,03:15.487,03:15.953,0.466,"09 · A responsive world, one continuous route",assets/s076c-source-match-r57.png,"A diagonal wrist macro shows reflected cyan-violet filaments skimming her skin and fine crystal bracelet. The light is a surface caustic, not glowing veins or an injury.",Small touch → pleasurable curiosity → entranced uplift; no fear or constant smiling.,"A narrow moving caustic crosses skin and gives one restrained crystal glint. Short midnight-navy satin slip dress, original gold hoops, crystal necklace and bracelets. Bare feet and anatomical-LEFT crystal anklet persist when visible, never an insert of feet.",Locked tactile macro; a shallow focus transfer from bracelet to moving skin caustic.,A narrow moving caustic crosses skin and gives one restrained crystal glint.,Light continues upward toward her shoulder and neckline.,Cut to S076D: A narrow caustic reaches the collarbone; pendant lies naturally against skin.,03:13.200–03:16.560 I can feel it on my skin,handoff/S076C.txt
S076D,03:15.953,03:16.420,0.467,"09 · A responsive world, one continuous route",assets/s076d-source-match-r57.png,"An intimate collarbone-to-lips detail shows a moving pool caustic, fine crystal pendant, navy strap and softly parted mouth as she takes an absorbed breath.",Small touch → pleasurable curiosity → entranced uplift; no fear or constant smiling.,"The pendant catches one pinprick of colour while she takes a small absorbed breath. Short midnight-navy satin slip dress, original gold hoops, crystal necklace and bracelets. Bare feet and anatomical-LEFT crystal anklet persist when visible, never an insert of feet.","Nearly locked intimate detail; tiny upward tilt follows the breath, not a full face reveal.",The pendant catches one pinprick of colour while she takes a small absorbed breath.,Her chin begins to lift toward the reflected light.,Cut to S076E: Original brown eye follows the light; pupil and iris remain human.,03:13.200–03:16.560 I can feel it on my skin,handoff/S076D.txt
S076E,03:16.420,03:16.887,0.467,"09 · A responsive world, one continuous route",assets/s076e-source-match-r57.png,"Extreme close-up of one original brown eye: a broken amber arch and luminous pool ripple remain reflections within the human iris, with chestnut fringe falling into dark surrounding space.",Small touch → pleasurable curiosity → entranced uplift; no fear or constant smiling.,"A thin reflected ripple crosses the iris as her focus lifts slightly. Short midnight-navy satin slip dress, original gold hoops, crystal necklace and bracelets. Bare feet and anatomical-LEFT crystal anklet persist when visible, never an insert of feet.",Locked extreme eye detail; no zoom or artificial eye transformation.,A thin reflected ripple crosses the iris as her focus lifts slightly.,Gaze is now directed upward toward the court.,Cut to S076F: Her left fingertip begins lifting a short way clear of the meniscus.,03:13.200–03:16.560 I can feel it on my skin,handoff/S076E.txt
S076F,03:16.887,03:17.355,0.468,"09 · A responsive world, one continuous route",assets/s076f-source-match-r57.png,"As her left fingertip lifts above the pool, one fine elastic strand of water-light follows it briefly. Natural slender fingers, crystal bracelet and dark water remain legible.",Small touch → pleasurable curiosity → entranced uplift; no fear or constant smiling.,"A hair-thin light filament stretches briefly and releases back into the pool. Short midnight-navy satin slip dress, original gold hoops, crystal necklace and bracelets. Bare feet and anatomical-LEFT crystal anklet persist when visible, never an insert of feet.","Locked side macro, tiny focus follow with the fingertip; no large camera move.",A hair-thin light filament stretches briefly and releases back into the pool.,Her hand is free; attention follows the released current upward.,"Cut to S076G: She begins straightening from her crouch, chin lifting with the current.",Instrumental build / space between supplied lyric cues.,handoff/S076F.txt
S076G,03:17.355,03:17.821,0.466,"09 · A responsive world, one continuous route",assets/s076g-source-match-r57.png,A low intimate three-quarter portrait catches her original face lifting towards the light. Brown eyes and gently parted lips communicate mature absorption; caustics move over cheek and hair.,Small touch → pleasurable curiosity → entranced uplift; no fear or constant smiling.,"Shoulders rise slightly and eyes follow the moving light; she remains entranced. Short midnight-navy satin slip dress, original gold hoops, crystal necklace and bracelets. Bare feet and anatomical-LEFT crystal anklet persist when visible, never an insert of feet.",Very short motivated upward tilt with her rising chin; do not orbit or finish the rise here.,Shoulders rise slightly and eyes follow the moving light; she remains entranced.,Upward movement continues into the next wider angle.,Cut to S076H: Her upward movement carries into the high view at the same near bank.,03:17.620–03:20.200 As the room begins to spin,handoff/S076G.txt
S076H,03:17.821,03:18.287,0.466,"09 · A responsive world, one continuous route",assets/s076h-source-match-r57.png,"A high architectural view through dark foreground stone reveals the circular pool responding with enormous thin currents. At the near bank she is partway through rising on the paving, small within the same court.",Small touch → pleasurable curiosity → entranced uplift; no fear or constant smiling.,"She finishes the last part of straightening as the expanding pattern reveals the circular court. Short midnight-navy satin slip dress, original gold hoops, crystal necklace and bracelets. Bare feet and anatomical-LEFT crystal anklet persist when visible, never an insert of feet.",High architectural wide with a tiny lateral parallax only; not a fresh aerial flyover.,She finishes the last part of straightening as the expanding pattern reveals the circular court.,She finishes standing on the same paving and lifts her chin towards the expanding light. The next low view elides the full arm raise into the selected overhead LEFT reach.,"Cut on her lifted gaze into S078A’s full overhead LEFT reach; a brief gesture ellipse changes the angle and skips the complete arm lift. Same near-bank court, no second rise.",03:17.620–03:20.200 As the room begins to spin,handoff/S076H.txt
S078A,03:18.287,03:22.018,3.731,"09 · A responsive world, one continuous route",assets/s078a-source-match-r57.png,"A low three-quarter wide holds her fully upright on the stone rim of the circular pool. Her LEFT arm reaches into the sky, the elbow softly curved and fingers opening towards the light; her RIGHT arm extends outward below shoulder height. A gentle turn through her waist and a softly bent knee give the pose an elegant, sensual line. Her chin lifts and her brown eyes follow the raised hand, lips slightly parted in absorbed wonder. Behind her, a colossal cobalt-violet current unfurls into a luminous helix across the dark sky, threading between distant floating ruins and suspended waterfalls. Amber arches frame the depth, while the pool reflects the same moving light. The navy dress has a clean, consistent mid-thigh hem, never a high hip slit. She stays grounded and composed as the whole world seems to answer that one small touch.","Tactile curiosity → entranced recognition → sensual, composed release. She enjoys the freedom of the sensation without performing to an audience or laughing.","LEFT arm high, softly curved elbow, delicate fingers open; RIGHT arm below shoulder height, wrist relaxed. Natural small hip/shoulder counterturn, one knee gently bent, feet planted. Brown eyes track the raised fingertips, chin lifted, lips softly parted. One slow exhale lets the chest soften. The pose is held rather than danced; only tiny finger, breath and hair movement. Arms do not switch sides during the orbit.","One uninterrupted full 360° clockwise camera orbit over 3.731s: 28mm rectilinear, constant 4m radius, camera approximately 1.0m above the paving, constant shallow upward pitch and level roll. Keep the heroine at the same left-of-centre screen position and a constant full-figure size. Smooth constant angular speed ≈96.49°/s; strong parallax between nearby arches, distant islands and the luminous helix. No push-in, crane, zoom, speed ramp, horizon roll or internal cut. The camera circles; her body and the court stay fixed.",She completes a small opening of the raised LEFT fingers and releases one slow absorbed breath. The chest and shoulders soften without dropping the poised reach; the current broadens overhead as the camera makes one complete clockwise circle. She does not turn her body to follow the camera.,"The camera completes 360 degrees and returns to its exact initial bearing, radius, lens, height and subject placement. Her LEFT reach and lifted chin remain readable, the right arm still low; the sky current is established. Cut directly to the stage close-up before the exploration gesture resolves.","Hard cut at202.018 to unchanged S079: intimate silver-dress stage vocal, BOTH hands on stand microphone. Match the charged upward intention, not literal arm positions or wardrobe. During this2.102s expressive insert, the exploration avatar can relax her raised arm off-screen and the sky helix can recede, so S080 returns to its approved lowered-arm standing image.",03:17.620–03:20.200 As the room begins to spin,handoff/S078A.txt
S079,03:22.018,03:24.120,2.102,"09 · A responsive world, one continuous route",assets/s079-source-match-r57.png,"Tight original-heroine singing close-up: both hands hold the black stand-mounted microphone, mouth open with intense sung conviction. Silver sequins, subtly glowing necklace/bracelets, descending spotlights and low theatre haze frame her face.",Charged breath → intense heartfelt Into view → controlled release.,"She sings Into view with emotional conviction, mouth forming the actual sung phrase, hands steady on the mic. Silver sequin stage dress, gold hoops, fine crystal necklace and bracelets with subtle magical glints. Black microphone fixed to vertical stand; both slender hands around it. Same empty fantasy theatre, descending spotlight beams and thin haze.","Intimate85mm close-up, almost locked with one very shallow3cm approach through the sung phrase; no orbit in this shot.","She sings Into view with emotional conviction, mouth forming the actual sung phrase, hands steady on the mic.",The phrase releases without a new gesture; cut back to the same pool court.,"Return at204.120 to S080 in the SAME circular court, already upright; no repeat rise or different pool.",03:22.730–03:23.630 Into view †,handoff/S079.txt
S080,03:24.120,03:26.720,2.6,"09 · A responsive world, one continuous route",assets/s080-source-match-r57.png,"High diagonal from the same near-bank side: she is already standing on the broad stone apron, small below the circular pool, both arms softly open near shoulder height. She faces roughly the initial camera direction. Thin blue light traces curl across the pool behind her; the established sky helix remains overhead. Amber arches and the rightward path give fixed landmarks.","Recognition of the earlier current becomes willing openness. Her shoulders release, mouth softly parted, gaze lifted toward the light; this is entrancement, not surprise repeated.","Recognition of the earlier current becomes willing openness. Her shoulders release, mouth softly parted, gaze lifted toward the light; this is entrancement, not surprise repeated. Soft elbows/wrists, human balance and tiny grounded pivots. Head follows the light once. Hair, hands, hem and anatomical-left anklet remain stable.","28mm rectilinear, high diagonal35° down from about6m, gentle1m crane descent with a small forward drift; end still above eye level. Keep pool beyond her, great-arch route picture-right and the horizon level. No orbit or zoom.","She releases one breath, opens the wrists and begins the slow clockwise pivot. Light wakes in the pool in the same clockwise direction; a loose branch travels beyond her open LEFT fingertips without touching or binding her.","Her torso has advanced about30° clockwise, arms still open, feet still grounded on the same apron; the next low view continues this movement.","Cut to S081 continuing the same clockwise turn and current phase, with a clear change of scale. Never restart her turn or repeat the current’s ignition.",03:24.120–03:27.700 The light is breaking through †,handoff/S080.txt
S081,03:26.720,03:28.320,1.6,"09 · A responsive world, one continuous route",assets/s081-source-match-r57.png,"Low front three-quarter waist-up: both arms extend comfortably out of frame at shoulder height, palms open, soft elbows. Her original face is angled toward the current; the pool and amber arches remain behind at the same court. The left bracelet is visible without enlargement.","She feels the world answer and allows it. Calm lifted eyes, a tiny contented softness at the mouth, no broad smile; chest open without exaggerated arching.","She feels the world answer and allows it. Calm lifted eyes, a tiny contented softness at the mouth, no broad smile; chest open without exaggerated arching. Soft elbows/wrists, human balance and tiny grounded pivots. Head follows the light once. Hair, hands, hem and anatomical-left anklet remain stable.","50mm, camera0.9m high with shallow upward pitch. A short0.3m lateral counter-move preserves a readable face while her body pivots; do not make another full orbit.",Continue the same clockwise torso turn through about25°. A thin light branch skims freely past the left hand and curves outward toward the pool; her hair drifts gently across one shoulder.,"Body bearing about55°, left wrist and open fingers still leading toward the following close detail; no reset to the original pose.","Cut to S082 continuing the same clockwise turn and current phase, with a clear change of scale. Never restart her turn or repeat the current’s ignition.",03:24.120–03:27.700 The light is breaking through † / 03:28.310–03:31.670 No walls between us now,handoff/S081.txt
S082,03:28.320,03:30.120,1.8,"09 · A responsive world, one continuous route",assets/s082-source-match-r57.png,"A tangential close-focus view holds only her delicate anatomical LEFT hand and fine crystal bracelet, left arm entering from picture-left and natural open fingertips extending toward the right. A free thin cyan-blue/violet current passes just above them and curls away. Her face stays outside the crop; the circular court is deep indigo/amber bokeh, with no giant hand projected toward the lens.","Trust and tactile delight expressed through soft fingers, not a clenched hand. Keep anatomically small proportions and one left hand only.","Trust and tactile delight expressed through soft fingers, not a clenched hand. Keep anatomically small proportions and one left hand only. Soft elbows/wrists, human balance and tiny grounded pivots. Head follows the light once. Hair, hands, hem and anatomical-left anklet remain stable.","85mm close focus, side-on tangential hand view. Track about10cm with the wrist to keep it sharp; shallow focus on fingertip plane and bracelet, clear depth separation from free light.","Her left wrist rotates gently with the ongoing body turn; one small unfurl of the fingers lets the light branch pass the fingertips and peel upward into empty space. She does not pinch, grab, cast or touch a new object.",Light has passed the fingertips and moves upward/right. The relaxed hand remains open; body turn has continued off-frame to about85°.,"Cut to S083 continuing the same clockwise turn and current phase, with a clear change of scale. Never restart her turn or repeat the current’s ignition.",03:28.310–03:31.670 No walls between us now,handoff/S082.txt
S083,03:30.120,03:32.420,2.3,"09 · A responsive world, one continuous route",assets/s083-source-match-r57.png,"An extreme front three-quarter close-up holds her original brown eyes, softly lifted chin and relaxed parted lips. A fine cyan/violet reflection crosses her cheek and ordinary brown irises; one gold hoop and chestnut fringe frame the face. The circular court is soft indigo/amber bokeh behind. Bodice, arms and legs remain outside the crop; no galaxy eyes.","Wonder settles into happiness with contentment. Relaxed brow, luminous brown eyes, soft lips and one natural breath; no childish grin, crying or singing.","Wonder settles into happiness with contentment. Relaxed brow, luminous brown eyes, soft lips and one natural breath; no childish grin, crying or singing. Soft elbows/wrists, human balance and tiny grounded pivots. Head follows the light once. Hair, hands, hem and anatomical-left anklet remain stable.","85mm at eye height, a tiny lateral follow about15cm. Avoid zoom, roll and dramatic focus pumping; track the turning head so her original face remains legible.","As her slow turn continues, her eyes follow the light once across the upper field, then soften. A single slow exhale relaxes her mouth into quiet contentment; the cheek reflection moves onward rather than flashing repeatedly.","Her gaze finishes upward toward the large sky response, body bearing about120°, with arms still open below the crop.","Cut to S084 continuing the same clockwise turn and current phase, with a clear change of scale. Never restart her turn or repeat the current’s ignition.",03:28.310–03:31.670 No walls between us now / 03:32.140–03:38.540 Just the shape of something new †,handoff/S083.txt
S084,03:32.420,03:35.520,3.1,"09 · A responsive world, one continuous route",assets/s084-source-match-r57.png,"True vertical90° bird’s-eye view: the circular indigo pool occupies the upper/central frame, and she is small on the wide near-bank STONE apron at the bottom-left of its rim. Both arms are out softly. Amber arch bases and blue foliage establish the same court; the rightward path remains at frame-right. Blue lines are just beginning to organise in the water.","Comfort within something immense. Soft open shoulders and unforced arms, no ceremonial rigid T-pose; the overhead communicates freedom and growing response.","Comfort within something immense. Soft open shoulders and unforced arms, no ceremonial rigid T-pose; the overhead communicates freedom and growing response. Soft elbows/wrists, human balance and tiny grounded pivots. Head follows the light once. Hair, hands, hem and anatomical-left anklet remain stable.","24mm true perpendicular overhead, no tilt and no horizon. Rise smoothly from10m to13m, maintain one fixed world bearing and centred pool geometry. Do not rotate the camera or mirror the court.","Continue the clockwise pivot through about60° beneath the camera. The pool current expands into one loose clockwise spiral, with a few soft arcs echoed across the stone. Her movement is human and slow; the light pattern, not a rapid spin, supplies speed and scale.",Her back now points toward the initial camera direction at about180°. A coherent large spiral fills the pool; she remains outside its edge on paving with two natural foot contacts.,"Cut to S085 continuing the same clockwise turn and current phase, with a clear change of scale. Never restart her turn or repeat the current’s ignition.",03:32.140–03:38.540 Just the shape of something new †,handoff/S084.txt
S085,03:35.520,03:36.620,1.1,"09 · A responsive world, one continuous route",assets/s085-source-match-r57.png,"Floor-level detail of both bare feet on textured dry amber-blue stone BESIDE the pool. Anatomical LEFT ankle has the single fine crystal anklet and is on the nearer foot at image-right; the right foot is farther at image-left. This is a front view, so anatomical sides differ from image sides. No water beneath either foot. A diffuse blue reflection crosses the stone, not a glowing platform.",She is grounded and unafraid. A balanced small pivot grounds the large magical spectacle; no unstable staggering or ballerina pose.,"She is grounded and unafraid. A balanced small pivot grounds the large magical spectacle; no unstable staggering or ballerina pose. Soft elbows/wrists, human balance and tiny grounded pivots. Head follows the light once. Hair, hands, hem and anatomical-left anklet remain stable.","70mm from15cm above the paving, fixed at the side of the feet; at most a subtle5cm slide. Keep anatomy, floor contact and left anklet readable, no large foreshortened feet.",One tiny natural weight transfer: keep the left forefoot planted while the right foot adjusts a few centimetres to continue the clockwise turn. No leap or full spin within this detail. Anklet catches one small glint.,"Weight settles on stone with both feet grounded again, body bearing about200°; cut upward into the same court’s sky response.","Cut to S086 continuing the same clockwise turn and current phase, with a clear change of scale. Never restart her turn or repeat the current’s ignition.",03:32.140–03:38.540 Just the shape of something new †,handoff/S085.txt
S086,03:36.620,03:39.620,3.0,"09 · A responsive world, one continuous route",assets/s086-source-match-r57.png,"Very low distant wide from the circular court’s near-bank paving, familiar amber arch/ivy fragments framing the left and right edges. She is a small grounded full figure on the apron, seen from rear three-quarter, both arms softly open. Huge floating ruins and waterfalls recede overhead. The existing blue helix begins to expand high into the sky with fine cyan/violet/rose/gold threads. The rear view keeps the single LEFT anklet on image-left ankle, consistent with anatomical sides.","Quiet awe and complete acceptance. Her arms are welcoming rather than commanding the heavens; soft hands, original adult silhouette and restrained body movement.","Quiet awe and complete acceptance. Her arms are welcoming rather than commanding the heavens; soft hands, original adult silhouette and restrained body movement. Soft elbows/wrists, human balance and tiny grounded pivots. Head follows the light once. Hair, hands, hem and anatomical-left anklet remain stable.","21mm rectilinear,0.3m above stone, gentle0.6m backward dolly revealing more of the same arches and sky. Keep level roll; strong upward framing, no fisheye or new360 orbit.","Her uninterrupted clockwise turn advances about55°. The free sky current expands upward between existing islands, broadening from blue into restrained cyan, violet, rose and fine warm-gold threads, blue still dominant. She follows it with a slight lift of the chin; the architecture and islands stay fixed.","She is around255° into the turn, still small on solid paving; the sky response reaches its widest luminous spread without explosions or new floating objects.","Cut to S087 continuing the same clockwise turn and current phase, with a clear change of scale. Never restart her turn or repeat the current’s ignition.",03:32.140–03:38.540 Just the shape of something new †,handoff/S086.txt
S087,03:39.620,03:42.420,2.8,"09 · A responsive world, one continuous route",assets/s087-source-match-r57.png,"Unusual high oblique view down across the court at about55°. The circular pool runs diagonally behind the small full-figure heroine on the broad stone apron; both arms stay open. A free blue/cyan ribbon with delicate violet/rose/gold glints sweeps through foreground above the paving, leading toward the great-arch path on frame-right. Her feet visibly meet stone.","The feeling becomes expansive and personal. Balanced slow movement, loose wrists, quiet bliss; the slight unequal arm height keeps the pose alive.","The feeling becomes expansive and personal. Balanced slow movement, loose wrists, quiet bliss; the slight unequal arm height keeps the pose alive. Soft elbows/wrists, human balance and tiny grounded pivots. Head follows the light once. Hair, hands, hem and anatomical-left anklet remain stable.","32mm, camera7m high,55° downward, smooth0.7m diagonal slide across the apron. Maintain the pool/arch landmark relationship and hold the selected diagonal roll constant; this is oblique coverage, not a repeated perpendicular overhead.","She turns a further65° clockwise, very slowly, letting one wrist drop a little below the other. The light ribbon flows away from the circular pattern into the rightward route; it never forms a cage or circles tightly around her body.","Bearing about320°, the turn is nearing completion. Her chin and eyes begin to find the rightward path, while her arms remain softly open.","Cut to S088 continuing the same clockwise turn and current phase, with a clear change of scale. Never restart her turn or repeat the current’s ignition.",Instrumental/vocalise swell between lyric cues; no new lyric text.,handoff/S087.txt
S088,03:42.420,03:44.000,1.58,"09 · A responsive world, one continuous route",assets/s088-source-match-r57.png,"Front three-quarter medium at the original near-bank side: her torso is nearing its initial bearing, arms open with soft elbows. Her original face and tiny necklace glint are clear; the expansive blue/cyan/violet current with fine rose/gold strands streams overhead and behind her. The circular pool remains in the background. Her chin lifts toward the light, quietly blissful.","Complete happiness with contentment. Soft brow and mouth, no broad grin, fear or unexplained sadness; her upward focus matches the next stage portrait.","Complete happiness with contentment. Soft brow and mouth, no broad grin, fear or unexplained sadness; her upward focus matches the next stage portrait. Soft elbows/wrists, human balance and tiny grounded pivots. Head follows the light once. Hair, hands, hem and anatomical-left anklet remain stable.","50mm at chest height, slow20cm push-in, no orbit. Let the changing shoulder angle and eye line supply movement; keep rightward light direction consistent.","Complete the last40° of the same slow clockwise turn. She releases one calm breath, keeps her arms softly open, and lifts her gaze into the light. The body completes one turn, not a new spin or departure.","One unhurried clockwise body turn has completed across19.880s. She is still grounded at the same circular pool with loose open arms, chin lifted and lips softly parted. Cut at224.000 exactly to the stage close-up sustaining the ooooo vowel.","Hard-cut at03:44.000 exactly to S088A. Match lifted face/soft lips into rounded ooooo; stage is expressive coverage, not literal wardrobe transformation.",Instrumental/vocalise swell between lyric cues; no new lyric text.,handoff/S088.txt
S088A,03:44.000,03:48.000,4.0,"09 · A responsive world, one continuous route",assets/s088a-source-match-r57.png,"Tight front three-quarter portrait of the same original adult heroine in the empty fantasy theatre, silver sequin dress visible at the straps, both delicate hands around the BLACK stand-mounted microphone. Her chin inclines slightly up, lips rounded in a clear small ooooo vowel rather than a shout. Her eyes are softly half-closed with absorbed emotion. Fine necklace and bracelets catch restrained magical glints. Cool overhead spotlights and thin low haze define the empty amber-arched stage behind, softly out of focus.","The exploration’s calm bliss becomes sung release. Soft almost-closed eyes, relaxed forehead, slight upward chin, supported chest and rounded vowel; intense feeling with quiet control, no shout or glamorous grin.","The exploration’s calm bliss becomes sung release. Soft almost-closed eyes, relaxed forehead, slight upward chin, supported chest and rounded vowel; intense feeling with quiet control, no shout or glamorous grin. Natural lip roundness, supported breath, no shouted vowel; hands remain on mic.","85mm, slightly below eye height, gentle10cm push over3.300s. Keep the stand microphone, both hands and eyes/lips legible; no orbit, zoom or angle jump. Beams and haze drift subtly behind rather than flash over the face.","Hold one sustained ooooo with a natural tiny change of lip roundness and one supported breath. The shoulders stay soft, hands maintain a gentle two-hand grip, and the head lifts a few degrees as the note expands. No new word, dramatic hand gesture or costume change inside the clip.","Finish still close to the microphone, soft rounded lips and lingering absorbed expression. The current later S090 remains at227.300 pending the user’s next edit; do not invent an additional world action here.","Continue the established theatre vowel into new closed-eye S090 at228.000; same singer, mounted microphone and stage.",User-directed sustained ooooooh; no lexical lyric cue.,handoff/S088A.txt
S090,03:48.000,03:51.440,3.44,"09 · A responsive world, one continuous route",assets/s090-source-match-r57.png,"Tight 85mm portrait from slightly below eye height, front three-quarter. Original woman sings a supported oooooo vowel, BOTH eyes completely CLOSED, brow slightly gathered with feeling, head inclined up a little, mouth naturally rounded small O, no scream or broad grin. Both dainty hands naturally overlap around the mounted black microphone body. Face and neckline dominate, necklace/bracelets and silver straps readable. Blue-white beams and amber arch bokeh behind her. This is an emotional sustained note, not a closed-mouth pose. Preserve eyes fully shut.","Absorbed sustained feeling; closed eyes, rounded supported vowel, gathered brow without grimace.","Both hands overlap naturally on mounted mic; shoulders support breath, chin slightly raised.",Advance approximately15cm over3.440s with a stable horizon; face remains framed and both eyes closed.,Sustain the user-directed ooooooh with fully closed eyes.,Let the chin lower a few degrees and eyes begin to open for the following strong declaration.,"Cut to S091 after this complete phrase or instrumental allocation; maintain mounted mic, hand positions and emotional progression.",User-directed ooooooh; no lexical cue in the supplied sheet.,handoff/S090.txt
S091,03:51.440,03:54.360,2.92,"09 · A responsive world, one continuous route",assets/s091-source-match-r57.png,"LOW frontal three-quarter medium close-up, 65mm impression, camera below shoulder height looking up at original face. She is singing her heart out, leaning toward the mounted microphone: intense bright OPEN brown eyes, strongly expressive gathered brows, mouth actively OPEN in a powerful vowel, neck and breath engaged, no sobbing or comic screaming. BOTH slender hands grip microphone body naturally, stand remains vertical. Silver shoulder straps and crystal jewellery, beautiful chestnut fringe. Background beams converge high through theatre arches; tighter and lower than the earlier portrait. Fierce emotional conviction with appealing anatomy.","Fierce conviction and emotional openness; engaged open eyes and brows, powerful shaped mouth.","Both hands grip microphone; lean from ankles/hips slightly toward stand, natural neck and shoulders.",Rise approximately15cm to follow the chin lifting; retain a clearly low viewpoint and mounted microphone.,Sing No way back strongly with one developing expression rather than a fixed scream.,Finish with steady gaze and take the next breath; keep grip physically consistent.,"Cut to S092 after this complete phrase or instrumental allocation; maintain mounted mic, hand positions and emotional progression.",03:51.440–03:53.120 No way back †,handoff/S091.txt
S092,03:54.360,03:57.620,3.26,"09 · A responsive world, one continuous route",assets/s092-source-match-r57.png,"Hip-up three-quarter view of the original adult singer, passionately delivering I’m not coming back: both eyes squeezed closed with musical effort, gathered brow, naturally open singing mouth and chin raised slightly. Both slender hands grip the same mounted black microphone; silver sequin dress, gold hoops and crystal jewellery catch selective light. Fixed empty fantasy theatre, indigo shadows, overhead blue-white beams, amber arches and low haze. Original chestnut curls end mid-back; no changed venue or long red mane.","Passionate commitment, emotionally active face; eyes squeezed closed with musical effort, gathered brow and a strongly shaped open singing mouth.","Weight forward; shoulders engaged, head tilts up slightly, both hands at mic, original curls move a little with the gesture.","Short20-degree camera arc around the stationary stand, singer scale maintained; no full orbit or roll.",Deliver the complete I’m not coming back phrase passionately while the camera arcs.,Eyes reopen after the phrase; release the left hand naturally as the next phrase opens the gesture.,"Cut to S093 after this complete phrase or instrumental allocation; maintain mounted mic, hand positions and emotional progression.",03:54.360–03:57.580 I'm not coming back †,handoff/S092.txt
S093,03:57.620,04:02.300,4.68,"09 · A responsive world, one continuous route",assets/s093-source-match-r57.png,"LOW diagonal MEDIUM-WIDE heroic performance view, 35mm impression, from knee-height just left of stage front. Show original singer from knees up at the SAME stand location, silver fitted stage dress, natural slim proportions. Her anatomical RIGHT hand stays around mounted black microphone, anatomical LEFT arm opens outward with relaxed palm as she sings powerfully; head raised slightly, OPEN expressive brown eyes and an active singing mouth. Multiple towering spotlight beams and ornate amber arches overhead, floating ruins through the apertures; empty theatre clear. No arms-out spinning, no dance routine, no second singer. The image is a vigorous lyrical performance, with camera height/scale distinct from the tight portraits.","Power and assurance, then an emotional softening toward intimacy.","Right hand remains at mic; left arm opens with soft wrist/palm. Head lifts a little, mouth follows the full phrase.",Rise approximately35cm while easing back40cm to reveal overhead beams and arm opening; no Dutch roll or changing venue.,Sing The stars are on my side and let the arm opening follow the phrase.,"After the phrase, lower left arm and return left hand to microphone; chin and shoulders soften before the quiet line.","Cut to S094 after this complete phrase or instrumental allocation; maintain mounted mic, hand positions and emotional progression.",03:57.620–04:01.500 The stars are on my side †,handoff/S093.txt
S094,04:02.300,04:04.800,2.5,"09 · A responsive world, one continuous route",assets/s094-source-match-r57.png,"FRONTAL intimate eye-height 85mm close-up. She looks DIRECTLY INTO THE CAMERA with soft steady original brown eyes, singing QUIETLY and deeply, slow and thoughtful. Calm brow, small slightly parted singing lips, relaxed jaw, vulnerable reflective expression, no exaggerated happiness, grin, yelling, widely open mouth, dramatic head throw or wide startled eyes. BOTH dainty hands settle together on mounted mic, mic a little below lips so original face is clearly readable. Dark warm skin in indigo shadows, sparse violet/cyan edge light, silver straps and fine crystal pendant. Soft amber theatre arch and blue beam blur behind, not a bright concert wash. The viewer should feel she is quietly looking into their eyes.","Quiet, deep, slow and thoughtful; sincere direct eye contact, calm brows and soft brown eyes.","Both small hands settle at mic, jaw relaxed, small mouth articulation and subtle breathing. No loud belt, big grin or head throw.","Almost locked eye-height camera; ease forward5cm through the complete quiet line. No orbit, cutaway or lighting flash.",Sing the first And every colour comes alive intimately into the viewer’s eyes.,Keep the gaze through its phrase/tail and release one small exhale; expression stays thoughtful.,"Cut to S095 after this complete phrase or instrumental allocation; maintain mounted mic, hand positions and emotional progression.",04:02.300–04:04.800 And every colour comes alive,handoff/S094.txt
S095,04:04.800,04:06.840,2.04,"09 · A responsive world, one continuous route",assets/s095-source-match-r57.png,"Elevated high diagonal wide over the same empty circular theatre stage. The original adult woman stands at the same centre microphone, silver dress and heels, one delicate hand lightly on the black stand below its mounted mic, other arm relaxed low. Mouth at rest and attention soft/upward during the instrumental pause. Blue-white beams cross low haze; amber arches and rings of the stage floor establish scale. Her slim proportions remain natural; no audience or second singer.","Reflective instrumental pause; absorbed calm, no reset to ecstatic posing.","One hand lightly holds the stand just below microphone, other arm low; feet grounded, mouth at rest and shoulders settle.","Descend approximately40cm along the existing blue-white beam while looking toward centre stage; one gentle move in2.040s, no vocal lip motion.",Allow one subtle exhale while the camera reveals the empty space and beams.,Return hands naturally to microphone and turn attention a few degrees toward the following profile viewpoint; no walk or location change.,"Cut to S095B after this complete phrase or instrumental allocation; maintain mounted mic, hand positions and emotional progression.",User-directed non-vocal passage between the two quiet lines; no new sung words.,handoff/S095.txt
S095B,04:06.840,04:08.880,2.04,"09 · A responsive world, one continuous route",assets/s095b-source-match-r57.png,"CLOSE SIDE PROFILE at eye-height, 65mm impression, camera on singer anatomical right side. Original face matches original profile reference, lips at rest/lightly parted for a breath, calm thoughtful OPEN brown eye, no sung shout or smile. Both dainty hands at mounted black microphone, collarbone, silver strap and pendant visible. Beautiful original grouped chestnut curls END MID-BACK, not waist. Same overhead beam gives narrow cool hair rim, warm amber arch bokeh and indigo haze behind. This is the start of a gentle side-to-front camera move and small turn of her attention toward lens, a quiet preparation for the final line; avoid windstorm hair, another wide view or facial distortion.",Quiet anticipation of the repeated line; gentle breathing and returning attention.,"Lightly parted resting lips for breath, small head turn, one hand at mounted mic and other lightly on upper stand; no singing or dramatic hair whipping.",Move15 degrees from anatomical-right profile toward a frontal three-quarter; her tiny head turn restores direct lens attention. No rushed whip or reverse.,Draw a small preparatory breath as camera travels from profile toward front.,"Eyes find the lens; lower hand rejoins the other at mic, prepared for the intimate repeated line.","Cut to S096 after this complete phrase or instrumental allocation; maintain mounted mic, hand positions and emotional progression.",User-directed non-vocal passage between the two quiet lines; no new sung words.,handoff/S095B.txt
S096,04:08.880,04:11.040,2.16,"09 · A responsive world, one continuous route",assets/s096-source-match-r57.png,"TIGHT FRONTAL eye-height 90mm portrait, a little closer than first quiet line. She looks steadily DIRECTLY INTO CAMERA and softly sings the repeated line with a deep, slow, thoughtful expression. Original brown almond eyes soft and attentive, tiny singing mouth articulation, slightly parted small lips, relaxed jaw and calm brows; profoundly intimate, no broad smile, yelling or eyes closed. Face fills frame with upper shoulders/neckline. Both slim natural hands loosely together at BLACK mounted microphone, microphone below mouth and partly lower frame. Original swept chestnut fringe/curls, gold hoops, tiny crystal pendant, SAME silver stage dress visible. Deep indigo/navy shadows, muted warm skin, subtle rose/cyan/violet rims and sparse amber arch lights behind. End-feeling is quiet fulfilled connection with viewer, not another loud climax. Maintain exact original face proportions.","Quiet, deep, slow and thoughtful; sustained direct eye contact, fulfilled emotional connection.","Soft attentive brown eyes, calm brow/jaw, tiny sung mouth articulation; both hands loose together at mounted mic.","Hold almost still; ease forward no more5cm through the complete quiet repeat, settling on steady brown eyes before the iris cut.",Sing the complete repeated And every colour comes alive softly and hold its actual ending.,Finish the line and hold direct gaze; match that steady eye into existing S096B. No final shouted belt or closed-eye grin.,"Match cut after the complete quiet repeat at251.040 to original S096B iris, keeping eye direction and dark colour. Stage coverage is expressive; no silver-to-navy costume morph.",04:08.880–04:11.040 And every colour comes alive † [extra repeat in recording],handoff/S096.txt
S096B,04:11.040,04:11.840,0.8,10 · Every colour comes alive and ascent,assets/s096b-source-match-r57.png,The iris holds a tiny reflected arch and moving coloured light. Her gaze lifts a fraction; no exaggerated eye widening.,Quiet amazement without a new surprise reset.,"No huge pupil change, warped iris or extra eye reflections.","Single-eye macro, 100mm; effectively locked for the short insert.",Her gaze lifts a fraction as the coloured reflection moves upward.,The eye is aimed towards the rising current.,Continue this original world-eye detail into S097 fingertip release; no further stage cut.,Instrumental / release after the completed quiet repeated line.,handoff/S096B.txt
S097,04:11.840,04:12.540,0.7,10 · Every colour comes alive and ascent,assets/s097-source-match-r57.png,Her fingers unclench slowly beside the blue dress. A fine current curves past her palm; the crystal bracelet catches it.,She stops bracing and allows the experience.,"Natural joint sequence, no grasping the light, no oversized hand.","Oblique hand detail, 100mm; tiny track along fingers only.",Fingers loosen as the current passes the palm and bracelet.,Hand is open and relaxed at her side.,Cut to an exhale that completes the physical relaxation.,Instrumental / release after the completed quiet repeated line.,handoff/S097.txt
S097B,04:12.540,04:13.440,0.9,10 · Every colour comes alive and ascent,assets/s097b-source-match-r57.png,She closes her eyes softly and exhales; jaw and brow relax without a grin. Her chin rises only a few degrees.,"Contentment and trust, not unconsciousness.",No limp collapse; neck and torso remain supported upright.,"Close side profile, 85mm; shallow partial arc that retains the same side.",Eyes close as she exhales; chin rises a few degrees.,"Eyes are softly closed, jaw released.",Cut to a slightly higher portrait as she opens her eyes into upward attention.,Instrumental / release after the completed quiet repeated line.,handoff/S097B.txt
S098,04:13.440,04:14.380,0.94,10 · Every colour comes alive and ascent,assets/s098-source-match-r57.png,"Standing upright, she opens her eyes and looks above the camera toward the current. Her mouth parts slightly in quiet awe.",Anticipation returns as something new is about to happen.,"No grin, no frightened recoil; preserve mature face proportions.","High intimate portrait, 65mm; small descent with tilt to retain eye position.",Eyes open and look above camera towards the current; mouth parts slightly.,"Upward attention holds, body still grounded.",Cut wider to reveal the current beginning to lift around her body.,Instrumental / release after the completed quiet repeated line.,handoff/S098.txt
S098B,04:14.380,04:15.880,1.5,10 · Every colour comes alive and ascent,assets/s098b-source-match-r57.png,"Light draws upward around the dress and relaxed arms; her posture lengthens slightly, ready to rise.",She accepts the sensation with curiosity and ease.,"No arms-out pose or deliberate jumping; dress responds gently, not a gust effect.","Low three-quarter medium, 50mm; small upward crane and shallow arc only.","She lengthens her posture slightly as the current gathers upward, arms remaining low.",Her balance is centred and ready for the first lift.,Cut to feet immediately before they leave the stone.,Instrumental / gap between supplied lyric cues.,handoff/S098B.txt
S099,04:15.880,04:16.480,0.6,10 · Every colour comes alive and ascent,assets/s099-source-match-r57.png,Both bare feet leave the stone by a few centimetres. Toes relax naturally; a crystal anklet decorates her left ankle.,No face; the first unmistakable release from gravity.,"Toes relax, no jump push-off or stepping into water.","Ground-level detail, 85mm; almost fixed for the 0.60-second lift.",Heels and toes lift smoothly until both clear the surface.,A small visible gap separates her feet from stone.,Cut on upward motion into the decisive wide ascent.,Instrumental / gap between supplied lyric cues.,handoff/S099.txt
S099B,04:16.480,04:18.880,2.4,10 · Every colour comes alive and ascent,assets/s099b-source-match-r57.png,She ascends smoothly and decisively until the entire arch and pool court are far below. Arms stay low and slightly away from the body; legs relax.,"Wonder without fear, freedom rather than danger.","Arms low and slightly away, legs relaxed and slim, dress and hair respond modestly; no superhero pose.","Wide 28mm rising into high oblique; true ground parallax, no scaling of a flat cutout. Generate first and end frames to control this height change.","She rises decisively as the camera cranes up and outward with her, revealing the courtyard falling away below.","She is high above the arch, matching the supplied elevated representative still.",Match upward momentum into a high-altitude hold; do not drop her back near the terrace.,Instrumental / gap between supplied lyric cues.,handoff/S099B.txt
S100,04:18.880,04:21.280,2.4,10 · Every colour comes alive and ascent,assets/s100-source-match-r57.png,She remains suspended high above the original courtyard; a slow breath and slight foot drift are the only body movement.,Awe settles into calm freedom.,"Small breath and foot drift only, no kicking or swimming through air.","High oblique wide, 35mm; modest orbit with stable horizon, no roll.",Ascent eases into suspension while camera continues a short clockwise arc at constant height.,"She floats steadily, still well above architecture.",Cut close for a human response after the large spatial change.,Instrumental / gap between supplied lyric cues.,handoff/S100.txt
S100B,04:21.280,04:22.880,1.6,10 · Every colour comes alive and ascent,assets/s100b-source-match-r57.png,"Her eyes follow the drifting light with a small, amazed intake of breath; she looks fulfilled and absorbed, with no broad smile.",The ascent feels good rather than frightening.,"No repeated gasp, no childlike laughter; original face remains recognisable.","Eye-height three-quarter close-up, 85mm; tiny approach, no orbit during the emotional pause.","Eyes follow it and she takes a small amazed breath, expression softening.",She looks fulfilled and quietly present.,Cut wide to show how far the current now reaches through the world.,Instrumental / gap between supplied lyric cues.,handoff/S100B.txt
S101,04:22.880,04:26.080,3.2,10 · Every colour comes alive and ascent,assets/s101-source-match-r57.png,She hangs freely above the original pool and arch; the light current travels outward through the surrounding islands.,Freedom made spatial; the scene can finally breathe.,"Arms relaxed low, no triumphant raised fists; hair remains original length.","Vast rear wide, 24mm; pull back and slightly up with clear parallax, gradually ease.",Camera eases back as colour travels outward between surrounding islands.,"Her figure is smaller within the immense open world, altitude unchanged.","Cut back closer through the current for the final transition, preserving the direction of its flow.",Instrumental / gap between supplied lyric cues.,handoff/S101.txt
S101B,04:26.080,04:28.480,2.4,10 · Every colour comes alive and ascent,assets/s101b-source-match-r57.png,She turns her attention toward the passing current; her body stays suspended and relaxed.,Serene absorption prepares the closing image.,"Body stays suspended, gaze leads a small head turn, no new action or destination.","Medium portrait, 65mm; short continued arc, end behind partial light veil.",Her gaze turns with the passing current as camera makes a small clockwise arc; a translucent veil crosses the foreground at the end.,Veil partly overlaps her face without whitening the entire frame.,Use the veil for a restrained editorial dissolve into the final face/world composite.,Instrumental / gap between supplied lyric cues.,handoff/S101B.txt
S102,04:28.480,04:33.285,4.805,10 · Every colour comes alive and ascent,assets/s102-source-match-r57.png,"Her serene, absorbed face merges with the same vast world and her distant suspended figure. The body stays high; colour flows through both layers.","Fulfilment, open possibility and quiet finality.","No descent, no return to apartment, no final grin or extra gesture.",Two coherent layers: stable portrait and slowly easing landscape. Build as an editorial composite if a generative model distorts identity or duplicates bodies.,Portrait holds almost still while the world eases back; colour continues flowing and motion settles on the final musical resolution.,"A calm composed final image holds through the audio tail, ending at the master duration.",End cleanly with the existing audio tail; no added title or imposed audio fade.,Instrumental / gap between supplied lyric cues.,handoff/S102.txt
